C:\Users\Lenovo\Desktop\car3\IMG\center_2019_12_28_15_16_48_107.jpg,C:\Users\Lenovo\Desktop\car3\IMG\left_2019_12_28_15_16_48_107.jpg,C:\Users\Lenovo\Desktop\car3\IMG\right_2019_12_28_15_16_48_107.jpg,0,0,0,1.377165E-05
C:\Users\Lenovo\Desktop\car3\IMG\center_2019_12_28_15_16_48_213.jpg,C:\Users\Lenovo\Desktop\car3\IMG\left_2019_12_28_15_16_48_213.jpg,C:\Users\Lenovo\Desktop\car3\IMG\right_2019_12_28_15_16_48_213.jpg,0,0,0,9.124751E-06
C:\Users\Lenovo\Desktop\car3\IMG\center_2019_12_28_15_16_48_322.jpg,C:\Users\Lenovo\Desktop\car3\IMG\left_2019_12_28_15_16_48_322.jpg,C:\Users\Lenovo\Desktop\car3\IMG\right_2019_12_28_15_16_48_322.jpg,0,0,0,2.033663E-05
C:\Users\Lenovo\Desktop\car3\IMG\center_2019_12_28_15_16_48_433.jpg,C:\Users\Lenovo\Desktop\car3\IMG\left_2019_12_28_15_16_48_433.jpg,C:\Users\Lenovo\Desktop\car3\IMG\right_2019_12_28_15_16_48_433.jpg,0,0,0,1.071303E-05
C:\Users\Lenovo\Desktop\car3\IMG\center_2019_12_28_15_16_48_543.jpg,C:\Users\Lenovo\Desktop\car3\IMG\left_2019_12_28_15_16_48_543.jpg,C:\Users\Lenovo\Desktop\car3\IMG\right_2019_12_28_15_16_48_543.jpg,0,0,0,1.080993E-05
C:\Users\Lenovo\Desktop\car3\IMG\center_2019_12_28_15_16_48_652.jpg,C:\Users\Lenovo\Desktop\car3\IMG\left_2019_12_28_15_16_48_652.jpg,C:\Users\Lenovo\Desktop\car3\IMG\right_2019_12_28_15_16_48_652.jpg,0,0,0,1.423947E-05
C:\Users\Lenovo\Desktop\car3\IMG\center_2019_12_28_15_16_48_761.jpg,C:\Users\Lenovo\Desktop\car3\IMG\left_2019_12_28_15_16_48_761.jpg,C:\Users\Lenovo\Desktop\car3\IMG\right_2019_12_28_15_16_48_761.jpg,0,0,0,1.412984E-06
C:\Users\Lenovo\Desktop\car3\IMG\center_2019_12_28_15_16_48_872.jpg,C:\Users\Lenovo\Desktop\car3\IMG\left_2019_12_28_15_16_48_872.jpg,C:\Users\Lenovo\Desktop\car3\IMG\right_2019_12_28_15_16_48_872.jpg,0,0,0,3.040444E-05
C:\Users\Lenovo\Desktop\car3\IMG\center_2019_12_28_15_16_48_982.jpg,C:\Users\Lenovo\Desktop\car3\IMG\left_2019_12_28_15_16_48_982.jpg,C:\Users\Lenovo\Desktop\car3\IMG\right_2019_12_28_15_16_48_982.jpg,0,0,0,5.826474E-06
C:\Users\Lenovo\Desktop\car3\IMG\center_2019_12_28_15_16_49_091.jpg,C:\Users\Lenovo\Desktop\car3\IMG\left_2019_12_28_15_16_49_091.jpg,C:\Users\Lenovo\Desktop\car3\IMG\right_2019_12_28_15_16_49_091.jpg,0,0,0,1.05714E-06
C:\Users\Lenovo\Desktop\car3\IMG\center_2019_12_28_15_16_49_200.jpg,C:\Users\Lenovo\Desktop\car3\IMG\left_2019_12_28_15_16_49_200.jpg,C:\Users\Lenovo\Desktop\car3\IMG\right_2019_12_28_15_16_49_200.jpg,0,0,0,8.517925E-06
C:\Users\Lenovo\Desktop\car3\IMG\center_2019_12_28_15_16_49_310.jpg,C:\Users\Lenovo\Desktop\car3\IMG\left_2019_12_28_15_16_49_310.jpg,C:\Users\Lenovo\Desktop\car3\IMG\right_2019_12_28_15_16_49_310.jpg,0,0,0,2.913986E-06
C:\Users\Lenovo\Desktop\car3\IMG\center_2019_12_28_15_16_49_430.jpg,C:\Users\Lenovo\Desktop\car3\IMG\left_2019_12_28_15_16_49_430.jpg,C:\Users\Lenovo\Desktop\car3\IMG\right_2019_12_28_15_16_49_430.jpg,0,0.1774572,0,0.1008802
C:\Users\Lenovo\Desktop\car3\IMG\center_2019_12_28_15_16_49_536.jpg,C:\Users\Lenovo\Desktop\car3\IMG\left_2019_12_28_15_16_49_536.jpg,C:\Users\Lenovo\Desktop\car3\IMG\right_2019_12_28_15_16_49_536.jpg,0,0.495486,0,0.7269939
C:\Users\Lenovo\Desktop\car3\IMG\center_2019_12_28_15_16_49_642.jpg,C:\Users\Lenovo\Desktop\car3\IMG\left_2019_12_28_15_16_49_642.jpg,C:\Users\Lenovo\Desktop\car3\IMG\right_2019_12_28_15_16_49_642.jpg,0,0.8197533,0,1.632918
C:\Users\Lenovo\Desktop\car3\IMG\center_2019_12_28_15_16_49_748.jpg,C:\Users\Lenovo\Desktop\car3\IMG\left_2019_12_28_15_16_49_748.jpg,C:\Users\Lenovo\Desktop\car3\IMG\right_2019_12_28_15_16_49_748.jpg,0,1,0,2.795583
C:\Users\Lenovo\Desktop\car3\IMG\center_2019_12_28_15_16_49_860.jpg,C:\Users\Lenovo\Desktop\car3\IMG\left_2019_12_28_15_16_49_860.jpg,C:\Users\Lenovo\Desktop\car3\IMG\right_2019_12_28_15_16_49_860.jpg,0,1,0,4.207296
C:\Users\Lenovo\Desktop\car3\IMG\center_2019_12_28_15_16_49_967.jpg,C:\Users\Lenovo\Desktop\car3\IMG\left_2019_12_28_15_16_49_967.jpg,C:\Users\Lenovo\Desktop\car3\IMG\right_2019_12_28_15_16_49_967.jpg,0,1,0,5.370969
C:\Users\Lenovo\Desktop\car3\IMG\center_2019_12_28_15_16_50_078.jpg,C:\Users\Lenovo\Desktop\car3\IMG\left_2019_12_28_15_16_50_078.jpg,C:\Users\Lenovo\Desktop\car3\IMG\right_2019_12_28_15_16_50_078.jpg,0,1,0,6.752589
C:\Users\Lenovo\Desktop\car3\IMG\center_2019_12_28_15_16_50_190.jpg,C:\Users\Lenovo\Desktop\car3\IMG\left_2019_12_28_15_16_50_190.jpg,C:\Users\Lenovo\Desktop\car3\IMG\right_2019_12_28_15_16_50_190.jpg,0,1,0,8.118141
C:\Users\Lenovo\Desktop\car3\IMG\center_2019_12_28_15_16_50_300.jpg,C:\Users\Lenovo\Desktop\car3\IMG\left_2019_12_28_15_16_50_300.jpg,C:\Users\Lenovo\Desktop\car3\IMG\right_2019_12_28_15_16_50_300.jpg,0,1,0,9.243934
C:\Users\Lenovo\Desktop\car3\IMG\center_2019_12_28_15_16_50_409.jpg,C:\Users\Lenovo\Desktop\car3\IMG\left_2019_12_28_15_16_50_409.jpg,C:\Users\Lenovo\Desktop\car3\IMG\right_2019_12_28_15_16_50_409.jpg,0,1,0,10.35871
C:\Users\Lenovo\Desktop\car3\IMG\center_2019_12_28_15_16_50_520.jpg,C:\Users\Lenovo\Desktop\car3\IMG\left_2019_12_28_15_16_50_520.jpg,C:\Users\Lenovo\Desktop\car3\IMG\right_2019_12_28_15_16_50_520.jpg,0,1,0,11.51588
C:\Users\Lenovo\Desktop\car3\IMG\center_2019_12_28_15_16_50_639.jpg,C:\Users\Lenovo\Desktop\car3\IMG\left_2019_12_28_15_16_50_639.jpg,C:\Users\Lenovo\Desktop\car3\IMG\right_2019_12_28_15_16_50_639.jpg,-0.3,1,0,12.98003
C:\Users\Lenovo\Desktop\car3\IMG\center_2019_12_28_15_16_50_742.jpg,C:\Users\Lenovo\Desktop\car3\IMG\left_2019_12_28_15_16_50_742.jpg,C:\Users\Lenovo\Desktop\car3\IMG\right_2019_12_28_15_16_50_742.jpg,-0.5500001,1,0,14.06765
C:\Users\Lenovo\Desktop\car3\IMG\center_2019_12_28_15_16_50_857.jpg,C:\Users\Lenovo\Desktop\car3\IMG\left_2019_12_28_15_16_50_857.jpg,C:\Users\Lenovo\Desktop\car3\IMG\right_2019_12_28_15_16_50_857.jpg,0,1,0,15.16448
C:\Users\Lenovo\Desktop\car3\IMG\center_2019_12_28_15_16_50_966.jpg,C:\Users\Lenovo\Desktop\car3\IMG\left_2019_12_28_15_16_50_966.jpg,C:\Users\Lenovo\Desktop\car3\IMG\right_2019_12_28_15_16_50_966.jpg,0,1,0,15.97373
C:\Users\Lenovo\Desktop\car3\IMG\center_2019_12_28_15_16_51_080.jpg,C:\Users\Lenovo\Desktop\car3\IMG\left_2019_12_28_15_16_51_080.jpg,C:\Users\Lenovo\Desktop\car3\IMG\right_2019_12_28_15_16_51_080.jpg,0,1,0,17.24669
C:\Users\Lenovo\Desktop\car3\IMG\center_2019_12_28_15_16_51_190.jpg,C:\Users\Lenovo\Desktop\car3\IMG\left_2019_12_28_15_16_51_190.jpg,C:\Users\Lenovo\Desktop\car3\IMG\right_2019_12_28_15_16_51_190.jpg,-0.15,1,0,18.5086
C:\Users\Lenovo\Desktop\car3\IMG\center_2019_12_28_15_16_51_304.jpg,C:\Users\Lenovo\Desktop\car3\IMG\left_2019_12_28_15_16_51_304.jpg,C:\Users\Lenovo\Desktop\car3\IMG\right_2019_12_28_15_16_51_304.jpg,0,1,0,19.65785
C:\Users\Lenovo\Desktop\car3\IMG\center_2019_12_28_15_16_51_417.jpg,C:\Users\Lenovo\Desktop\car3\IMG\left_2019_12_28_15_16_51_417.jpg,C:\Users\Lenovo\Desktop\car3\IMG\right_2019_12_28_15_16_51_417.jpg,0,1,0,20.84892
C:\Users\Lenovo\Desktop\car3\IMG\center_2019_12_28_15_16_51_530.jpg,C:\Users\Lenovo\Desktop\car3\IMG\left_2019_12_28_15_16_51_530.jpg,C:\Users\Lenovo\Desktop\car3\IMG\right_2019_12_28_15_16_51_530.jpg,-0.15,1,0,22.02013
C:\Users\Lenovo\Desktop\car3\IMG\center_2019_12_28_15_16_51_639.jpg,C:\Users\Lenovo\Desktop\car3\IMG\left_2019_12_28_15_16_51_639.jpg,C:\Users\Lenovo\Desktop\car3\IMG\right_2019_12_28_15_16_51_639.jpg,-0.4,1,0,22.89136
C:\Users\Lenovo\Desktop\car3\IMG\center_2019_12_28_15_16_51_750.jpg,C:\Users\Lenovo\Desktop\car3\IMG\left_2019_12_28_15_16_51_750.jpg,C:\Users\Lenovo\Desktop\car3\IMG\right_2019_12_28_15_16_51_750.jpg,-0.7,1,0,23.82044
C:\Users\Lenovo\Desktop\car3\IMG\center_2019_12_28_15_16_51_862.jpg,C:\Users\Lenovo\Desktop\car3\IMG\left_2019_12_28_15_16_51_862.jpg,C:\Users\Lenovo\Desktop\car3\IMG\right_2019_12_28_15_16_51_862.jpg,0,1,0,24.60036
C:\Users\Lenovo\Desktop\car3\IMG\center_2019_12_28_15_16_51_971.jpg,C:\Users\Lenovo\Desktop\car3\IMG\left_2019_12_28_15_16_51_971.jpg,C:\Users\Lenovo\Desktop\car3\IMG\right_2019_12_28_15_16_51_971.jpg,0,1,0,25.71088
C:\Users\Lenovo\Desktop\car3\IMG\center_2019_12_28_15_16_52_082.jpg,C:\Users\Lenovo\Desktop\car3\IMG\left_2019_12_28_15_16_52_082.jpg,C:\Users\Lenovo\Desktop\car3\IMG\right_2019_12_28_15_16_52_082.jpg,-0.25,1,0,26.64279
C:\Users\Lenovo\Desktop\car3\IMG\center_2019_12_28_15_16_52_194.jpg,C:\Users\Lenovo\Desktop\car3\IMG\left_2019_12_28_15_16_52_194.jpg,C:\Users\Lenovo\Desktop\car3\IMG\right_2019_12_28_15_16_52_194.jpg,-0.5500001,1,0,27.60669
C:\Users\Lenovo\Desktop\car3\IMG\center_2019_12_28_15_16_52_307.jpg,C:\Users\Lenovo\Desktop\car3\IMG\left_2019_12_28_15_16_52_307.jpg,C:\Users\Lenovo\Desktop\car3\IMG\right_2019_12_28_15_16_52_307.jpg,0,1,0,28.5017
C:\Users\Lenovo\Desktop\car3\IMG\center_2019_12_28_15_16_52_418.jpg,C:\Users\Lenovo\Desktop\car3\IMG\left_2019_12_28_15_16_52_418.jpg,C:\Users\Lenovo\Desktop\car3\IMG\right_2019_12_28_15_16_52_418.jpg,0,1,0,29.60197
C:\Users\Lenovo\Desktop\car3\IMG\center_2019_12_28_15_16_52_528.jpg,C:\Users\Lenovo\Desktop\car3\IMG\left_2019_12_28_15_16_52_528.jpg,C:\Users\Lenovo\Desktop\car3\IMG\right_2019_12_28_15_16_52_528.jpg,-0.1,1,0,30.18812
C:\Users\Lenovo\Desktop\car3\IMG\center_2019_12_28_15_16_52_637.jpg,C:\Users\Lenovo\Desktop\car3\IMG\left_2019_12_28_15_16_52_637.jpg,C:\Users\Lenovo\Desktop\car3\IMG\right_2019_12_28_15_16_52_637.jpg,-0.4,1,0,30.15935
C:\Users\Lenovo\Desktop\car3\IMG\center_2019_12_28_15_16_52_746.jpg,C:\Users\Lenovo\Desktop\car3\IMG\left_2019_12_28_15_16_52_746.jpg,C:\Users\Lenovo\Desktop\car3\IMG\right_2019_12_28_15_16_52_746.jpg,0,1,0,30.1886
C:\Users\Lenovo\Desktop\car3\IMG\center_2019_12_28_15_16_52_855.jpg,C:\Users\Lenovo\Desktop\car3\IMG\left_2019_12_28_15_16_52_855.jpg,C:\Users\Lenovo\Desktop\car3\IMG\right_2019_12_28_15_16_52_855.jpg,0,1,0,30.1901
C:\Users\Lenovo\Desktop\car3\IMG\center_2019_12_28_15_16_52_966.jpg,C:\Users\Lenovo\Desktop\car3\IMG\left_2019_12_28_15_16_52_966.jpg,C:\Users\Lenovo\Desktop\car3\IMG\right_2019_12_28_15_16_52_966.jpg,-0.1,1,0,30.18847
C:\Users\Lenovo\Desktop\car3\IMG\center_2019_12_28_15_16_53_073.jpg,C:\Users\Lenovo\Desktop\car3\IMG\left_2019_12_28_15_16_53_073.jpg,C:\Users\Lenovo\Desktop\car3\IMG\right_2019_12_28_15_16_53_073.jpg,-0.4,1,0,30.15883
C:\Users\Lenovo\Desktop\car3\IMG\center_2019_12_28_15_16_53_181.jpg,C:\Users\Lenovo\Desktop\car3\IMG\left_2019_12_28_15_16_53_181.jpg,C:\Users\Lenovo\Desktop\car3\IMG\right_2019_12_28_15_16_53_181.jpg,0,1,0,30.18307
C:\Users\Lenovo\Desktop\car3\IMG\center_2019_12_28_15_16_53_290.jpg,C:\Users\Lenovo\Desktop\car3\IMG\left_2019_12_28_15_16_53_290.jpg,C:\Users\Lenovo\Desktop\car3\IMG\right_2019_12_28_15_16_53_290.jpg,-0.15,1,0,30.18946
C:\Users\Lenovo\Desktop\car3\IMG\center_2019_12_28_15_16_53_401.jpg,C:\Users\Lenovo\Desktop\car3\IMG\left_2019_12_28_15_16_53_401.jpg,C:\Users\Lenovo\Desktop\car3\IMG\right_2019_12_28_15_16_53_401.jpg,-0.4,1,0,30.16371
C:\Users\Lenovo\Desktop\car3\IMG\center_2019_12_28_15_16_53_512.jpg,C:\Users\Lenovo\Desktop\car3\IMG\left_2019_12_28_15_16_53_512.jpg,C:\Users\Lenovo\Desktop\car3\IMG\right_2019_12_28_15_16_53_512.jpg,0,1,0,30.18445
C:\Users\Lenovo\Desktop\car3\IMG\center_2019_12_28_15_16_53_623.jpg,C:\Users\Lenovo\Desktop\car3\IMG\left_2019_12_28_15_16_53_623.jpg,C:\Users\Lenovo\Desktop\car3\IMG\right_2019_12_28_15_16_53_623.jpg,0,1,0,30.18992
C:\Users\Lenovo\Desktop\car3\IMG\center_2019_12_28_15_16_53_734.jpg,C:\Users\Lenovo\Desktop\car3\IMG\left_2019_12_28_15_16_53_734.jpg,C:\Users\Lenovo\Desktop\car3\IMG\right_2019_12_28_15_16_53_734.jpg,0,1,0,30.19067
C:\Users\Lenovo\Desktop\car3\IMG\center_2019_12_28_15_16_53_845.jpg,C:\Users\Lenovo\Desktop\car3\IMG\left_2019_12_28_15_16_53_845.jpg,C:\Users\Lenovo\Desktop\car3\IMG\right_2019_12_28_15_16_53_845.jpg,0,1,0,30.19183
C:\Users\Lenovo\Desktop\car3\IMG\center_2019_12_28_15_16_53_954.jpg,C:\Users\Lenovo\Desktop\car3\IMG\left_2019_12_28_15_16_53_954.jpg,C:\Users\Lenovo\Desktop\car3\IMG\right_2019_12_28_15_16_53_954.jpg,0,1,0,30.18991
C:\Users\Lenovo\Desktop\car3\IMG\center_2019_12_28_15_16_54_064.jpg,C:\Users\Lenovo\Desktop\car3\IMG\left_2019_12_28_15_16_54_064.jpg,C:\Users\Lenovo\Desktop\car3\IMG\right_2019_12_28_15_16_54_064.jpg,0,1,0,30.19085
C:\Users\Lenovo\Desktop\car3\IMG\center_2019_12_28_15_16_54_174.jpg,C:\Users\Lenovo\Desktop\car3\IMG\left_2019_12_28_15_16_54_174.jpg,C:\Users\Lenovo\Desktop\car3\IMG\right_2019_12_28_15_16_54_174.jpg,0,1,0,30.18937
C:\Users\Lenovo\Desktop\car3\IMG\center_2019_12_28_15_16_54_285.jpg,C:\Users\Lenovo\Desktop\car3\IMG\left_2019_12_28_15_16_54_285.jpg,C:\Users\Lenovo\Desktop\car3\IMG\right_2019_12_28_15_16_54_285.jpg,0,1,0,30.19034
C:\Users\Lenovo\Desktop\car3\IMG\center_2019_12_28_15_16_54_398.jpg,C:\Users\Lenovo\Desktop\car3\IMG\left_2019_12_28_15_16_54_398.jpg,C:\Users\Lenovo\Desktop\car3\IMG\right_2019_12_28_15_16_54_398.jpg,-0.3,1,0,30.16923
C:\Users\Lenovo\Desktop\car3\IMG\center_2019_12_28_15_16_54_511.jpg,C:\Users\Lenovo\Desktop\car3\IMG\left_2019_12_28_15_16_54_511.jpg,C:\Users\Lenovo\Desktop\car3\IMG\right_2019_12_28_15_16_54_511.jpg,-0.6000001,1,0,30.13312
C:\Users\Lenovo\Desktop\car3\IMG\center_2019_12_28_15_16_54_622.jpg,C:\Users\Lenovo\Desktop\car3\IMG\left_2019_12_28_15_16_54_622.jpg,C:\Users\Lenovo\Desktop\car3\IMG\right_2019_12_28_15_16_54_622.jpg,0,1,0,30.18702
C:\Users\Lenovo\Desktop\car3\IMG\center_2019_12_28_15_16_54_735.jpg,C:\Users\Lenovo\Desktop\car3\IMG\left_2019_12_28_15_16_54_735.jpg,C:\Users\Lenovo\Desktop\car3\IMG\right_2019_12_28_15_16_54_735.jpg,0,1,0,30.19006
C:\Users\Lenovo\Desktop\car3\IMG\center_2019_12_28_15_16_54_850.jpg,C:\Users\Lenovo\Desktop\car3\IMG\left_2019_12_28_15_16_54_850.jpg,C:\Users\Lenovo\Desktop\car3\IMG\right_2019_12_28_15_16_54_850.jpg,0,1,0,30.19035
C:\Users\Lenovo\Desktop\car3\IMG\center_2019_12_28_15_16_54_966.jpg,C:\Users\Lenovo\Desktop\car3\IMG\left_2019_12_28_15_16_54_966.jpg,C:\Users\Lenovo\Desktop\car3\IMG\right_2019_12_28_15_16_54_966.jpg,0,1,0,30.19032
C:\Users\Lenovo\Desktop\car3\IMG\center_2019_12_28_15_16_55_084.jpg,C:\Users\Lenovo\Desktop\car3\IMG\left_2019_12_28_15_16_55_084.jpg,C:\Users\Lenovo\Desktop\car3\IMG\right_2019_12_28_15_16_55_084.jpg,0,1,0,30.19033
C:\Users\Lenovo\Desktop\car3\IMG\center_2019_12_28_15_16_55_202.jpg,C:\Users\Lenovo\Desktop\car3\IMG\left_2019_12_28_15_16_55_202.jpg,C:\Users\Lenovo\Desktop\car3\IMG\right_2019_12_28_15_16_55_202.jpg,0,1,0,30.19029
C:\Users\Lenovo\Desktop\car3\IMG\center_2019_12_28_15_16_55_320.jpg,C:\Users\Lenovo\Desktop\car3\IMG\left_2019_12_28_15_16_55_320.jpg,C:\Users\Lenovo\Desktop\car3\IMG\right_2019_12_28_15_16_55_320.jpg,0,1,0,30.19029
C:\Users\Lenovo\Desktop\car3\IMG\center_2019_12_28_15_16_55_437.jpg,C:\Users\Lenovo\Desktop\car3\IMG\left_2019_12_28_15_16_55_437.jpg,C:\Users\Lenovo\Desktop\car3\IMG\right_2019_12_28_15_16_55_437.jpg,-0.15,1,0,30.18421
C:\Users\Lenovo\Desktop\car3\IMG\center_2019_12_28_15_16_55_554.jpg,C:\Users\Lenovo\Desktop\car3\IMG\left_2019_12_28_15_16_55_554.jpg,C:\Users\Lenovo\Desktop\car3\IMG\right_2019_12_28_15_16_55_554.jpg,-0.45,1,0,30.15141
C:\Users\Lenovo\Desktop\car3\IMG\center_2019_12_28_15_16_55_672.jpg,C:\Users\Lenovo\Desktop\car3\IMG\left_2019_12_28_15_16_55_672.jpg,C:\Users\Lenovo\Desktop\car3\IMG\right_2019_12_28_15_16_55_672.jpg,0,1,0,30.18232
C:\Users\Lenovo\Desktop\car3\IMG\center_2019_12_28_15_16_55_792.jpg,C:\Users\Lenovo\Desktop\car3\IMG\left_2019_12_28_15_16_55_792.jpg,C:\Users\Lenovo\Desktop\car3\IMG\right_2019_12_28_15_16_55_792.jpg,0,1,0,30.18969
C:\Users\Lenovo\Desktop\car3\IMG\center_2019_12_28_15_16_55_911.jpg,C:\Users\Lenovo\Desktop\car3\IMG\left_2019_12_28_15_16_55_911.jpg,C:\Users\Lenovo\Desktop\car3\IMG\right_2019_12_28_15_16_55_911.jpg,0,1,0,30.19025
C:\Users\Lenovo\Desktop\car3\IMG\center_2019_12_28_15_16_56_033.jpg,C:\Users\Lenovo\Desktop\car3\IMG\left_2019_12_28_15_16_56_033.jpg,C:\Users\Lenovo\Desktop\car3\IMG\right_2019_12_28_15_16_56_033.jpg,0,1,0,30.19031
C:\Users\Lenovo\Desktop\car3\IMG\center_2019_12_28_15_16_56_153.jpg,C:\Users\Lenovo\Desktop\car3\IMG\left_2019_12_28_15_16_56_153.jpg,C:\Users\Lenovo\Desktop\car3\IMG\right_2019_12_28_15_16_56_153.jpg,0,1,0,30.19032
C:\Users\Lenovo\Desktop\car3\IMG\center_2019_12_28_15_16_56_272.jpg,C:\Users\Lenovo\Desktop\car3\IMG\left_2019_12_28_15_16_56_272.jpg,C:\Users\Lenovo\Desktop\car3\IMG\right_2019_12_28_15_16_56_272.jpg,0,1,0,30.19029
C:\Users\Lenovo\Desktop\car3\IMG\center_2019_12_28_15_16_56_390.jpg,C:\Users\Lenovo\Desktop\car3\IMG\left_2019_12_28_15_16_56_390.jpg,C:\Users\Lenovo\Desktop\car3\IMG\right_2019_12_28_15_16_56_390.jpg,0,1,0,30.19031
C:\Users\Lenovo\Desktop\car3\IMG\center_2019_12_28_15_16_56_510.jpg,C:\Users\Lenovo\Desktop\car3\IMG\left_2019_12_28_15_16_56_510.jpg,C:\Users\Lenovo\Desktop\car3\IMG\right_2019_12_28_15_16_56_510.jpg,0,1,0,30.1903
C:\Users\Lenovo\Desktop\car3\IMG\center_2019_12_28_15_16_56_631.jpg,C:\Users\Lenovo\Desktop\car3\IMG\left_2019_12_28_15_16_56_631.jpg,C:\Users\Lenovo\Desktop\car3\IMG\right_2019_12_28_15_16_56_631.jpg,0,1,0,30.19038
C:\Users\Lenovo\Desktop\car3\IMG\center_2019_12_28_15_16_56_751.jpg,C:\Users\Lenovo\Desktop\car3\IMG\left_2019_12_28_15_16_56_751.jpg,C:\Users\Lenovo\Desktop\car3\IMG\right_2019_12_28_15_16_56_751.jpg,0,1,0,30.19031
C:\Users\Lenovo\Desktop\car3\IMG\center_2019_12_28_15_16_56_870.jpg,C:\Users\Lenovo\Desktop\car3\IMG\left_2019_12_28_15_16_56_870.jpg,C:\Users\Lenovo\Desktop\car3\IMG\right_2019_12_28_15_16_56_870.jpg,0,1,0,30.19033
C:\Users\Lenovo\Desktop\car3\IMG\center_2019_12_28_15_16_56_991.jpg,C:\Users\Lenovo\Desktop\car3\IMG\left_2019_12_28_15_16_56_991.jpg,C:\Users\Lenovo\Desktop\car3\IMG\right_2019_12_28_15_16_56_991.jpg,-0.3,1,0,30.16925
C:\Users\Lenovo\Desktop\car3\IMG\center_2019_12_28_15_16_57_112.jpg,C:\Users\Lenovo\Desktop\car3\IMG\left_2019_12_28_15_16_57_112.jpg,C:\Users\Lenovo\Desktop\car3\IMG\right_2019_12_28_15_16_57_112.jpg,0,1,0,30.18647
C:\Users\Lenovo\Desktop\car3\IMG\center_2019_12_28_15_16_57_232.jpg,C:\Users\Lenovo\Desktop\car3\IMG\left_2019_12_28_15_16_57_232.jpg,C:\Users\Lenovo\Desktop\car3\IMG\right_2019_12_28_15_16_57_232.jpg,0,1,0,30.19
C:\Users\Lenovo\Desktop\car3\IMG\center_2019_12_28_15_16_57_352.jpg,C:\Users\Lenovo\Desktop\car3\IMG\left_2019_12_28_15_16_57_352.jpg,C:\Users\Lenovo\Desktop\car3\IMG\right_2019_12_28_15_16_57_352.jpg,0,1,0,30.19027
C:\Users\Lenovo\Desktop\car3\IMG\center_2019_12_28_15_16_57_468.jpg,C:\Users\Lenovo\Desktop\car3\IMG\left_2019_12_28_15_16_57_468.jpg,C:\Users\Lenovo\Desktop\car3\IMG\right_2019_12_28_15_16_57_468.jpg,0,1,0,30.1903
C:\Users\Lenovo\Desktop\car3\IMG\center_2019_12_28_15_16_57_587.jpg,C:\Users\Lenovo\Desktop\car3\IMG\left_2019_12_28_15_16_57_587.jpg,C:\Users\Lenovo\Desktop\car3\IMG\right_2019_12_28_15_16_57_587.jpg,0,1,0,30.19041
C:\Users\Lenovo\Desktop\car3\IMG\center_2019_12_28_15_16_57_704.jpg,C:\Users\Lenovo\Desktop\car3\IMG\left_2019_12_28_15_16_57_704.jpg,C:\Users\Lenovo\Desktop\car3\IMG\right_2019_12_28_15_16_57_704.jpg,-0.15,1,0,30.18427
C:\Users\Lenovo\Desktop\car3\IMG\center_2019_12_28_15_16_57_821.jpg,C:\Users\Lenovo\Desktop\car3\IMG\left_2019_12_28_15_16_57_821.jpg,C:\Users\Lenovo\Desktop\car3\IMG\right_2019_12_28_15_16_57_821.jpg,-0.45,1,0,30.15149
C:\Users\Lenovo\Desktop\car3\IMG\center_2019_12_28_15_16_57_935.jpg,C:\Users\Lenovo\Desktop\car3\IMG\left_2019_12_28_15_16_57_935.jpg,C:\Users\Lenovo\Desktop\car3\IMG\right_2019_12_28_15_16_57_935.jpg,0,1,0,30.18271
C:\Users\Lenovo\Desktop\car3\IMG\center_2019_12_28_15_16_58_054.jpg,C:\Users\Lenovo\Desktop\car3\IMG\left_2019_12_28_15_16_58_054.jpg,C:\Users\Lenovo\Desktop\car3\IMG\right_2019_12_28_15_16_58_054.jpg,0,1,0,30.18975
C:\Users\Lenovo\Desktop\car3\IMG\center_2019_12_28_15_16_58_178.jpg,C:\Users\Lenovo\Desktop\car3\IMG\left_2019_12_28_15_16_58_178.jpg,C:\Users\Lenovo\Desktop\car3\IMG\right_2019_12_28_15_16_58_178.jpg,0,1,0,30.19026
C:\Users\Lenovo\Desktop\car3\IMG\center_2019_12_28_15_16_58_296.jpg,C:\Users\Lenovo\Desktop\car3\IMG\left_2019_12_28_15_16_58_296.jpg,C:\Users\Lenovo\Desktop\car3\IMG\right_2019_12_28_15_16_58_296.jpg,0,1,0,30.1903
C:\Users\Lenovo\Desktop\car3\IMG\center_2019_12_28_15_16_58_415.jpg,C:\Users\Lenovo\Desktop\car3\IMG\left_2019_12_28_15_16_58_415.jpg,C:\Users\Lenovo\Desktop\car3\IMG\right_2019_12_28_15_16_58_415.jpg,0,1,0,30.19086
C:\Users\Lenovo\Desktop\car3\IMG\center_2019_12_28_15_16_58_531.jpg,C:\Users\Lenovo\Desktop\car3\IMG\left_2019_12_28_15_16_58_531.jpg,C:\Users\Lenovo\Desktop\car3\IMG\right_2019_12_28_15_16_58_531.jpg,0,1,0,30.18866
C:\Users\Lenovo\Desktop\car3\IMG\center_2019_12_28_15_16_58_647.jpg,C:\Users\Lenovo\Desktop\car3\IMG\left_2019_12_28_15_16_58_647.jpg,C:\Users\Lenovo\Desktop\car3\IMG\right_2019_12_28_15_16_58_647.jpg,0,1,0,30.19098
C:\Users\Lenovo\Desktop\car3\IMG\center_2019_12_28_15_16_58_764.jpg,C:\Users\Lenovo\Desktop\car3\IMG\left_2019_12_28_15_16_58_764.jpg,C:\Users\Lenovo\Desktop\car3\IMG\right_2019_12_28_15_16_58_764.jpg,0,1,0,30.18786
C:\Users\Lenovo\Desktop\car3\IMG\center_2019_12_28_15_16_58_875.jpg,C:\Users\Lenovo\Desktop\car3\IMG\left_2019_12_28_15_16_58_875.jpg,C:\Users\Lenovo\Desktop\car3\IMG\right_2019_12_28_15_16_58_875.jpg,0,1,0,30.19106
C:\Users\Lenovo\Desktop\car3\IMG\center_2019_12_28_15_16_58_992.jpg,C:\Users\Lenovo\Desktop\car3\IMG\left_2019_12_28_15_16_58_992.jpg,C:\Users\Lenovo\Desktop\car3\IMG\right_2019_12_28_15_16_58_992.jpg,0,1,0,30.19028
C:\Users\Lenovo\Desktop\car3\IMG\center_2019_12_28_15_16_59_110.jpg,C:\Users\Lenovo\Desktop\car3\IMG\left_2019_12_28_15_16_59_110.jpg,C:\Users\Lenovo\Desktop\car3\IMG\right_2019_12_28_15_16_59_110.jpg,0,1,0,30.19031
C:\Users\Lenovo\Desktop\car3\IMG\center_2019_12_28_15_16_59_228.jpg,C:\Users\Lenovo\Desktop\car3\IMG\left_2019_12_28_15_16_59_228.jpg,C:\Users\Lenovo\Desktop\car3\IMG\right_2019_12_28_15_16_59_228.jpg,0,1,0,30.19032
C:\Users\Lenovo\Desktop\car3\IMG\center_2019_12_28_15_16_59_348.jpg,C:\Users\Lenovo\Desktop\car3\IMG\left_2019_12_28_15_16_59_348.jpg,C:\Users\Lenovo\Desktop\car3\IMG\right_2019_12_28_15_16_59_348.jpg,0,1,0,30.19032
C:\Users\Lenovo\Desktop\car3\IMG\center_2019_12_28_15_16_59_467.jpg,C:\Users\Lenovo\Desktop\car3\IMG\left_2019_12_28_15_16_59_467.jpg,C:\Users\Lenovo\Desktop\car3\IMG\right_2019_12_28_15_16_59_467.jpg,-0.15,1,0,30.18422
C:\Users\Lenovo\Desktop\car3\IMG\center_2019_12_28_15_16_59_592.jpg,C:\Users\Lenovo\Desktop\car3\IMG\left_2019_12_28_15_16_59_592.jpg,C:\Users\Lenovo\Desktop\car3\IMG\right_2019_12_28_15_16_59_592.jpg,-0.5000001,1,0,30.14541
C:\Users\Lenovo\Desktop\car3\IMG\center_2019_12_28_15_16_59_710.jpg,C:\Users\Lenovo\Desktop\car3\IMG\left_2019_12_28_15_16_59_710.jpg,C:\Users\Lenovo\Desktop\car3\IMG\right_2019_12_28_15_16_59_710.jpg,-0.8000001,1,0,30.11011
C:\Users\Lenovo\Desktop\car3\IMG\center_2019_12_28_15_16_59_829.jpg,C:\Users\Lenovo\Desktop\car3\IMG\left_2019_12_28_15_16_59_829.jpg,C:\Users\Lenovo\Desktop\car3\IMG\right_2019_12_28_15_16_59_829.jpg,0,1,0,30.18227
C:\Users\Lenovo\Desktop\car3\IMG\center_2019_12_28_15_16_59_953.jpg,C:\Users\Lenovo\Desktop\car3\IMG\left_2019_12_28_15_16_59_953.jpg,C:\Users\Lenovo\Desktop\car3\IMG\right_2019_12_28_15_16_59_953.jpg,0,1,0,30.18998
C:\Users\Lenovo\Desktop\car3\IMG\center_2019_12_28_15_17_00_073.jpg,C:\Users\Lenovo\Desktop\car3\IMG\left_2019_12_28_15_17_00_073.jpg,C:\Users\Lenovo\Desktop\car3\IMG\right_2019_12_28_15_17_00_073.jpg,0,1,0,30.19029
C:\Users\Lenovo\Desktop\car3\IMG\center_2019_12_28_15_17_00_192.jpg,C:\Users\Lenovo\Desktop\car3\IMG\left_2019_12_28_15_17_00_192.jpg,C:\Users\Lenovo\Desktop\car3\IMG\right_2019_12_28_15_17_00_192.jpg,0,1,0,30.19034
C:\Users\Lenovo\Desktop\car3\IMG\center_2019_12_28_15_17_00_310.jpg,C:\Users\Lenovo\Desktop\car3\IMG\left_2019_12_28_15_17_00_310.jpg,C:\Users\Lenovo\Desktop\car3\IMG\right_2019_12_28_15_17_00_310.jpg,0,1,0,30.19025
C:\Users\Lenovo\Desktop\car3\IMG\center_2019_12_28_15_17_00_429.jpg,C:\Users\Lenovo\Desktop\car3\IMG\left_2019_12_28_15_17_00_429.jpg,C:\Users\Lenovo\Desktop\car3\IMG\right_2019_12_28_15_17_00_429.jpg,0,1,0,30.18996
C:\Users\Lenovo\Desktop\car3\IMG\center_2019_12_28_15_17_00_545.jpg,C:\Users\Lenovo\Desktop\car3\IMG\left_2019_12_28_15_17_00_545.jpg,C:\Users\Lenovo\Desktop\car3\IMG\right_2019_12_28_15_17_00_545.jpg,0,1,0,30.19
C:\Users\Lenovo\Desktop\car3\IMG\center_2019_12_28_15_17_00_667.jpg,C:\Users\Lenovo\Desktop\car3\IMG\left_2019_12_28_15_17_00_667.jpg,C:\Users\Lenovo\Desktop\car3\IMG\right_2019_12_28_15_17_00_667.jpg,0,1,0,30.19054
C:\Users\Lenovo\Desktop\car3\IMG\center_2019_12_28_15_17_00_786.jpg,C:\Users\Lenovo\Desktop\car3\IMG\left_2019_12_28_15_17_00_786.jpg,C:\Users\Lenovo\Desktop\car3\IMG\right_2019_12_28_15_17_00_786.jpg,0,1,0,30.19018
C:\Users\Lenovo\Desktop\car3\IMG\center_2019_12_28_15_17_00_908.jpg,C:\Users\Lenovo\Desktop\car3\IMG\left_2019_12_28_15_17_00_908.jpg,C:\Users\Lenovo\Desktop\car3\IMG\right_2019_12_28_15_17_00_908.jpg,0,1,0,30.19065
C:\Users\Lenovo\Desktop\car3\IMG\center_2019_12_28_15_17_01_025.jpg,C:\Users\Lenovo\Desktop\car3\IMG\left_2019_12_28_15_17_01_025.jpg,C:\Users\Lenovo\Desktop\car3\IMG\right_2019_12_28_15_17_01_025.jpg,0,1,0,30.19034
C:\Users\Lenovo\Desktop\car3\IMG\center_2019_12_28_15_17_01_144.jpg,C:\Users\Lenovo\Desktop\car3\IMG\left_2019_12_28_15_17_01_144.jpg,C:\Users\Lenovo\Desktop\car3\IMG\right_2019_12_28_15_17_01_144.jpg,0,1,0,30.19032
C:\Users\Lenovo\Desktop\car3\IMG\center_2019_12_28_15_17_01_266.jpg,C:\Users\Lenovo\Desktop\car3\IMG\left_2019_12_28_15_17_01_266.jpg,C:\Users\Lenovo\Desktop\car3\IMG\right_2019_12_28_15_17_01_266.jpg,0,1,0,30.19033
C:\Users\Lenovo\Desktop\car3\IMG\center_2019_12_28_15_17_01_388.jpg,C:\Users\Lenovo\Desktop\car3\IMG\left_2019_12_28_15_17_01_388.jpg,C:\Users\Lenovo\Desktop\car3\IMG\right_2019_12_28_15_17_01_388.jpg,-0.15,1,0,30.18395
C:\Users\Lenovo\Desktop\car3\IMG\center_2019_12_28_15_17_01_510.jpg,C:\Users\Lenovo\Desktop\car3\IMG\left_2019_12_28_15_17_01_510.jpg,C:\Users\Lenovo\Desktop\car3\IMG\right_2019_12_28_15_17_01_510.jpg,-0.5000001,1,0,30.14455
C:\Users\Lenovo\Desktop\car3\IMG\center_2019_12_28_15_17_01_634.jpg,C:\Users\Lenovo\Desktop\car3\IMG\left_2019_12_28_15_17_01_634.jpg,C:\Users\Lenovo\Desktop\car3\IMG\right_2019_12_28_15_17_01_634.jpg,0,1,0,30.18871
C:\Users\Lenovo\Desktop\car3\IMG\center_2019_12_28_15_17_01_761.jpg,C:\Users\Lenovo\Desktop\car3\IMG\left_2019_12_28_15_17_01_761.jpg,C:\Users\Lenovo\Desktop\car3\IMG\right_2019_12_28_15_17_01_761.jpg,0,1,0,30.19056
C:\Users\Lenovo\Desktop\car3\IMG\center_2019_12_28_15_17_01_879.jpg,C:\Users\Lenovo\Desktop\car3\IMG\left_2019_12_28_15_17_01_879.jpg,C:\Users\Lenovo\Desktop\car3\IMG\right_2019_12_28_15_17_01_879.jpg,0,1,0,30.19012
C:\Users\Lenovo\Desktop\car3\IMG\center_2019_12_28_15_17_02_003.jpg,C:\Users\Lenovo\Desktop\car3\IMG\left_2019_12_28_15_17_02_003.jpg,C:\Users\Lenovo\Desktop\car3\IMG\right_2019_12_28_15_17_02_003.jpg,0,1,0,30.19055
C:\Users\Lenovo\Desktop\car3\IMG\center_2019_12_28_15_17_02_120.jpg,C:\Users\Lenovo\Desktop\car3\IMG\left_2019_12_28_15_17_02_120.jpg,C:\Users\Lenovo\Desktop\car3\IMG\right_2019_12_28_15_17_02_120.jpg,0,1,0,30.1902
C:\Users\Lenovo\Desktop\car3\IMG\center_2019_12_28_15_17_02_240.jpg,C:\Users\Lenovo\Desktop\car3\IMG\left_2019_12_28_15_17_02_240.jpg,C:\Users\Lenovo\Desktop\car3\IMG\right_2019_12_28_15_17_02_240.jpg,0,1,0,30.19018
C:\Users\Lenovo\Desktop\car3\IMG\center_2019_12_28_15_17_02_359.jpg,C:\Users\Lenovo\Desktop\car3\IMG\left_2019_12_28_15_17_02_359.jpg,C:\Users\Lenovo\Desktop\car3\IMG\right_2019_12_28_15_17_02_359.jpg,0,1,0,30.19021
C:\Users\Lenovo\Desktop\car3\IMG\center_2019_12_28_15_17_02_476.jpg,C:\Users\Lenovo\Desktop\car3\IMG\left_2019_12_28_15_17_02_476.jpg,C:\Users\Lenovo\Desktop\car3\IMG\right_2019_12_28_15_17_02_476.jpg,0,1,0,30.19021
C:\Users\Lenovo\Desktop\car3\IMG\center_2019_12_28_15_17_02_596.jpg,C:\Users\Lenovo\Desktop\car3\IMG\left_2019_12_28_15_17_02_596.jpg,C:\Users\Lenovo\Desktop\car3\IMG\right_2019_12_28_15_17_02_596.jpg,0,1,0,30.1902
C:\Users\Lenovo\Desktop\car3\IMG\center_2019_12_28_15_17_02_712.jpg,C:\Users\Lenovo\Desktop\car3\IMG\left_2019_12_28_15_17_02_712.jpg,C:\Users\Lenovo\Desktop\car3\IMG\right_2019_12_28_15_17_02_712.jpg,0,1,0,30.19019
C:\Users\Lenovo\Desktop\car3\IMG\center_2019_12_28_15_17_02_830.jpg,C:\Users\Lenovo\Desktop\car3\IMG\left_2019_12_28_15_17_02_830.jpg,C:\Users\Lenovo\Desktop\car3\IMG\right_2019_12_28_15_17_02_830.jpg,0,1,0,30.1902
C:\Users\Lenovo\Desktop\car3\IMG\center_2019_12_28_15_17_02_946.jpg,C:\Users\Lenovo\Desktop\car3\IMG\left_2019_12_28_15_17_02_946.jpg,C:\Users\Lenovo\Desktop\car3\IMG\right_2019_12_28_15_17_02_946.jpg,0,1,0,30.19063
C:\Users\Lenovo\Desktop\car3\IMG\center_2019_12_28_15_17_03_062.jpg,C:\Users\Lenovo\Desktop\car3\IMG\left_2019_12_28_15_17_03_062.jpg,C:\Users\Lenovo\Desktop\car3\IMG\right_2019_12_28_15_17_03_062.jpg,0,1,0,30.19038
C:\Users\Lenovo\Desktop\car3\IMG\center_2019_12_28_15_17_03_180.jpg,C:\Users\Lenovo\Desktop\car3\IMG\left_2019_12_28_15_17_03_180.jpg,C:\Users\Lenovo\Desktop\car3\IMG\right_2019_12_28_15_17_03_180.jpg,0,1,0,30.19067
C:\Users\Lenovo\Desktop\car3\IMG\center_2019_12_28_15_17_03_296.jpg,C:\Users\Lenovo\Desktop\car3\IMG\left_2019_12_28_15_17_03_296.jpg,C:\Users\Lenovo\Desktop\car3\IMG\right_2019_12_28_15_17_03_296.jpg,0,1,0,30.19052
C:\Users\Lenovo\Desktop\car3\IMG\center_2019_12_28_15_17_03_413.jpg,C:\Users\Lenovo\Desktop\car3\IMG\left_2019_12_28_15_17_03_413.jpg,C:\Users\Lenovo\Desktop\car3\IMG\right_2019_12_28_15_17_03_413.jpg,0,1,0,30.1905
C:\Users\Lenovo\Desktop\car3\IMG\center_2019_12_28_15_17_03_534.jpg,C:\Users\Lenovo\Desktop\car3\IMG\left_2019_12_28_15_17_03_534.jpg,C:\Users\Lenovo\Desktop\car3\IMG\right_2019_12_28_15_17_03_534.jpg,0,1,0,30.19051
C:\Users\Lenovo\Desktop\car3\IMG\center_2019_12_28_15_17_03_646.jpg,C:\Users\Lenovo\Desktop\car3\IMG\left_2019_12_28_15_17_03_646.jpg,C:\Users\Lenovo\Desktop\car3\IMG\right_2019_12_28_15_17_03_646.jpg,-0.25,1,0,30.17452
C:\Users\Lenovo\Desktop\car3\IMG\center_2019_12_28_15_17_03_766.jpg,C:\Users\Lenovo\Desktop\car3\IMG\left_2019_12_28_15_17_03_766.jpg,C:\Users\Lenovo\Desktop\car3\IMG\right_2019_12_28_15_17_03_766.jpg,0,1,0,30.18758
C:\Users\Lenovo\Desktop\car3\IMG\center_2019_12_28_15_17_03_881.jpg,C:\Users\Lenovo\Desktop\car3\IMG\left_2019_12_28_15_17_03_881.jpg,C:\Users\Lenovo\Desktop\car3\IMG\right_2019_12_28_15_17_03_881.jpg,0,1,0,30.19007
C:\Users\Lenovo\Desktop\car3\IMG\center_2019_12_28_15_17_03_999.jpg,C:\Users\Lenovo\Desktop\car3\IMG\left_2019_12_28_15_17_03_999.jpg,C:\Users\Lenovo\Desktop\car3\IMG\right_2019_12_28_15_17_03_999.jpg,0,1,0,30.19021
C:\Users\Lenovo\Desktop\car3\IMG\center_2019_12_28_15_17_04_120.jpg,C:\Users\Lenovo\Desktop\car3\IMG\left_2019_12_28_15_17_04_120.jpg,C:\Users\Lenovo\Desktop\car3\IMG\right_2019_12_28_15_17_04_120.jpg,0,1,0,30.19045
C:\Users\Lenovo\Desktop\car3\IMG\center_2019_12_28_15_17_04_235.jpg,C:\Users\Lenovo\Desktop\car3\IMG\left_2019_12_28_15_17_04_235.jpg,C:\Users\Lenovo\Desktop\car3\IMG\right_2019_12_28_15_17_04_235.jpg,0,1,0,30.19036
C:\Users\Lenovo\Desktop\car3\IMG\center_2019_12_28_15_17_04_352.jpg,C:\Users\Lenovo\Desktop\car3\IMG\left_2019_12_28_15_17_04_352.jpg,C:\Users\Lenovo\Desktop\car3\IMG\right_2019_12_28_15_17_04_352.jpg,0,1,0,30.19063
C:\Users\Lenovo\Desktop\car3\IMG\center_2019_12_28_15_17_04_467.jpg,C:\Users\Lenovo\Desktop\car3\IMG\left_2019_12_28_15_17_04_467.jpg,C:\Users\Lenovo\Desktop\car3\IMG\right_2019_12_28_15_17_04_467.jpg,0,1,0,30.19048
C:\Users\Lenovo\Desktop\car3\IMG\center_2019_12_28_15_17_04_584.jpg,C:\Users\Lenovo\Desktop\car3\IMG\left_2019_12_28_15_17_04_584.jpg,C:\Users\Lenovo\Desktop\car3\IMG\right_2019_12_28_15_17_04_584.jpg,0,1,0,30.19046
C:\Users\Lenovo\Desktop\car3\IMG\center_2019_12_28_15_17_04_701.jpg,C:\Users\Lenovo\Desktop\car3\IMG\left_2019_12_28_15_17_04_701.jpg,C:\Users\Lenovo\Desktop\car3\IMG\right_2019_12_28_15_17_04_701.jpg,0,1,0,30.19046
C:\Users\Lenovo\Desktop\car3\IMG\center_2019_12_28_15_17_04_818.jpg,C:\Users\Lenovo\Desktop\car3\IMG\left_2019_12_28_15_17_04_818.jpg,C:\Users\Lenovo\Desktop\car3\IMG\right_2019_12_28_15_17_04_818.jpg,0,1,0,30.19044
C:\Users\Lenovo\Desktop\car3\IMG\center_2019_12_28_15_17_04_937.jpg,C:\Users\Lenovo\Desktop\car3\IMG\left_2019_12_28_15_17_04_937.jpg,C:\Users\Lenovo\Desktop\car3\IMG\right_2019_12_28_15_17_04_937.jpg,-0.15,1,0,30.18402
C:\Users\Lenovo\Desktop\car3\IMG\center_2019_12_28_15_17_05_051.jpg,C:\Users\Lenovo\Desktop\car3\IMG\left_2019_12_28_15_17_05_051.jpg,C:\Users\Lenovo\Desktop\car3\IMG\right_2019_12_28_15_17_05_051.jpg,-0.45,1,0,30.15122
C:\Users\Lenovo\Desktop\car3\IMG\center_2019_12_28_15_17_05_170.jpg,C:\Users\Lenovo\Desktop\car3\IMG\left_2019_12_28_15_17_05_170.jpg,C:\Users\Lenovo\Desktop\car3\IMG\right_2019_12_28_15_17_05_170.jpg,0,1,0,30.18933
C:\Users\Lenovo\Desktop\car3\IMG\center_2019_12_28_15_17_05_287.jpg,C:\Users\Lenovo\Desktop\car3\IMG\left_2019_12_28_15_17_05_287.jpg,C:\Users\Lenovo\Desktop\car3\IMG\right_2019_12_28_15_17_05_287.jpg,0,1,0,30.19
C:\Users\Lenovo\Desktop\car3\IMG\center_2019_12_28_15_17_05_404.jpg,C:\Users\Lenovo\Desktop\car3\IMG\left_2019_12_28_15_17_05_404.jpg,C:\Users\Lenovo\Desktop\car3\IMG\right_2019_12_28_15_17_05_404.jpg,0,1,0,30.19021
C:\Users\Lenovo\Desktop\car3\IMG\center_2019_12_28_15_17_05_523.jpg,C:\Users\Lenovo\Desktop\car3\IMG\left_2019_12_28_15_17_05_523.jpg,C:\Users\Lenovo\Desktop\car3\IMG\right_2019_12_28_15_17_05_523.jpg,0,1,0,30.19006
C:\Users\Lenovo\Desktop\car3\IMG\center_2019_12_28_15_17_05_645.jpg,C:\Users\Lenovo\Desktop\car3\IMG\left_2019_12_28_15_17_05_645.jpg,C:\Users\Lenovo\Desktop\car3\IMG\right_2019_12_28_15_17_05_645.jpg,0,1,0,30.1904
C:\Users\Lenovo\Desktop\car3\IMG\center_2019_12_28_15_17_05_759.jpg,C:\Users\Lenovo\Desktop\car3\IMG\left_2019_12_28_15_17_05_759.jpg,C:\Users\Lenovo\Desktop\car3\IMG\right_2019_12_28_15_17_05_759.jpg,0,1,0,30.19031
C:\Users\Lenovo\Desktop\car3\IMG\center_2019_12_28_15_17_05_881.jpg,C:\Users\Lenovo\Desktop\car3\IMG\left_2019_12_28_15_17_05_881.jpg,C:\Users\Lenovo\Desktop\car3\IMG\right_2019_12_28_15_17_05_881.jpg,0,1,0,30.19033
C:\Users\Lenovo\Desktop\car3\IMG\center_2019_12_28_15_17_05_948.jpg,C:\Users\Lenovo\Desktop\car3\IMG\left_2019_12_28_15_17_05_948.jpg,C:\Users\Lenovo\Desktop\car3\IMG\right_2019_12_28_15_17_05_948.jpg,0,1,0,30.1903
C:\Users\Lenovo\Desktop\car3\IMG\center_2019_12_28_15_17_06_058.jpg,C:\Users\Lenovo\Desktop\car3\IMG\left_2019_12_28_15_17_06_058.jpg,C:\Users\Lenovo\Desktop\car3\IMG\right_2019_12_28_15_17_06_058.jpg,0,1,0,30.1903
C:\Users\Lenovo\Desktop\car3\IMG\center_2019_12_28_15_17_06_182.jpg,C:\Users\Lenovo\Desktop\car3\IMG\left_2019_12_28_15_17_06_182.jpg,C:\Users\Lenovo\Desktop\car3\IMG\right_2019_12_28_15_17_06_182.jpg,0,1,0,30.19031
C:\Users\Lenovo\Desktop\car3\IMG\center_2019_12_28_15_17_06_302.jpg,C:\Users\Lenovo\Desktop\car3\IMG\left_2019_12_28_15_17_06_302.jpg,C:\Users\Lenovo\Desktop\car3\IMG\right_2019_12_28_15_17_06_302.jpg,0,1,0,30.19033
C:\Users\Lenovo\Desktop\car3\IMG\center_2019_12_28_15_17_06_425.jpg,C:\Users\Lenovo\Desktop\car3\IMG\left_2019_12_28_15_17_06_425.jpg,C:\Users\Lenovo\Desktop\car3\IMG\right_2019_12_28_15_17_06_425.jpg,0,1,0,30.19032
C:\Users\Lenovo\Desktop\car3\IMG\center_2019_12_28_15_17_06_545.jpg,C:\Users\Lenovo\Desktop\car3\IMG\left_2019_12_28_15_17_06_545.jpg,C:\Users\Lenovo\Desktop\car3\IMG\right_2019_12_28_15_17_06_545.jpg,0,1,0,30.1903
C:\Users\Lenovo\Desktop\car3\IMG\center_2019_12_28_15_17_06_664.jpg,C:\Users\Lenovo\Desktop\car3\IMG\left_2019_12_28_15_17_06_664.jpg,C:\Users\Lenovo\Desktop\car3\IMG\right_2019_12_28_15_17_06_664.jpg,0,1,0,30.19046
C:\Users\Lenovo\Desktop\car3\IMG\center_2019_12_28_15_17_06_787.jpg,C:\Users\Lenovo\Desktop\car3\IMG\left_2019_12_28_15_17_06_787.jpg,C:\Users\Lenovo\Desktop\car3\IMG\right_2019_12_28_15_17_06_787.jpg,0,1,0,30.19018
C:\Users\Lenovo\Desktop\car3\IMG\center_2019_12_28_15_17_06_906.jpg,C:\Users\Lenovo\Desktop\car3\IMG\left_2019_12_28_15_17_06_906.jpg,C:\Users\Lenovo\Desktop\car3\IMG\right_2019_12_28_15_17_06_906.jpg,0,1,0,30.19039
C:\Users\Lenovo\Desktop\car3\IMG\center_2019_12_28_15_17_07_028.jpg,C:\Users\Lenovo\Desktop\car3\IMG\left_2019_12_28_15_17_07_028.jpg,C:\Users\Lenovo\Desktop\car3\IMG\right_2019_12_28_15_17_07_028.jpg,0,1,0,30.19027
C:\Users\Lenovo\Desktop\car3\IMG\center_2019_12_28_15_17_07_150.jpg,C:\Users\Lenovo\Desktop\car3\IMG\left_2019_12_28_15_17_07_150.jpg,C:\Users\Lenovo\Desktop\car3\IMG\right_2019_12_28_15_17_07_150.jpg,-0.35,1,0,30.16343
C:\Users\Lenovo\Desktop\car3\IMG\center_2019_12_28_15_17_07_270.jpg,C:\Users\Lenovo\Desktop\car3\IMG\left_2019_12_28_15_17_07_270.jpg,C:\Users\Lenovo\Desktop\car3\IMG\right_2019_12_28_15_17_07_270.jpg,0,1,0,30.18986
C:\Users\Lenovo\Desktop\car3\IMG\center_2019_12_28_15_17_07_391.jpg,C:\Users\Lenovo\Desktop\car3\IMG\left_2019_12_28_15_17_07_391.jpg,C:\Users\Lenovo\Desktop\car3\IMG\right_2019_12_28_15_17_07_391.jpg,0,1,0,30.19026
C:\Users\Lenovo\Desktop\car3\IMG\center_2019_12_28_15_17_07_514.jpg,C:\Users\Lenovo\Desktop\car3\IMG\left_2019_12_28_15_17_07_514.jpg,C:\Users\Lenovo\Desktop\car3\IMG\right_2019_12_28_15_17_07_514.jpg,0,1,0,30.19028
C:\Users\Lenovo\Desktop\car3\IMG\center_2019_12_28_15_17_07_636.jpg,C:\Users\Lenovo\Desktop\car3\IMG\left_2019_12_28_15_17_07_636.jpg,C:\Users\Lenovo\Desktop\car3\IMG\right_2019_12_28_15_17_07_636.jpg,0,1,0,30.19029
C:\Users\Lenovo\Desktop\car3\IMG\center_2019_12_28_15_17_07_758.jpg,C:\Users\Lenovo\Desktop\car3\IMG\left_2019_12_28_15_17_07_758.jpg,C:\Users\Lenovo\Desktop\car3\IMG\right_2019_12_28_15_17_07_758.jpg,0,1,0,30.19029
C:\Users\Lenovo\Desktop\car3\IMG\center_2019_12_28_15_17_07_880.jpg,C:\Users\Lenovo\Desktop\car3\IMG\left_2019_12_28_15_17_07_880.jpg,C:\Users\Lenovo\Desktop\car3\IMG\right_2019_12_28_15_17_07_880.jpg,0,1,0,30.19031
C:\Users\Lenovo\Desktop\car3\IMG\center_2019_12_28_15_17_08_003.jpg,C:\Users\Lenovo\Desktop\car3\IMG\left_2019_12_28_15_17_08_003.jpg,C:\Users\Lenovo\Desktop\car3\IMG\right_2019_12_28_15_17_08_003.jpg,0,1,0,30.19031
C:\Users\Lenovo\Desktop\car3\IMG\center_2019_12_28_15_17_08_123.jpg,C:\Users\Lenovo\Desktop\car3\IMG\left_2019_12_28_15_17_08_123.jpg,C:\Users\Lenovo\Desktop\car3\IMG\right_2019_12_28_15_17_08_123.jpg,0,1,0,30.19032
C:\Users\Lenovo\Desktop\car3\IMG\center_2019_12_28_15_17_08_245.jpg,C:\Users\Lenovo\Desktop\car3\IMG\left_2019_12_28_15_17_08_245.jpg,C:\Users\Lenovo\Desktop\car3\IMG\right_2019_12_28_15_17_08_245.jpg,0,1,0,30.1903
C:\Users\Lenovo\Desktop\car3\IMG\center_2019_12_28_15_17_08_371.jpg,C:\Users\Lenovo\Desktop\car3\IMG\left_2019_12_28_15_17_08_371.jpg,C:\Users\Lenovo\Desktop\car3\IMG\right_2019_12_28_15_17_08_371.jpg,0,1,0,30.1903
C:\Users\Lenovo\Desktop\car3\IMG\center_2019_12_28_15_17_08_496.jpg,C:\Users\Lenovo\Desktop\car3\IMG\left_2019_12_28_15_17_08_496.jpg,C:\Users\Lenovo\Desktop\car3\IMG\right_2019_12_28_15_17_08_496.jpg,0,1,0,30.1903
C:\Users\Lenovo\Desktop\car3\IMG\center_2019_12_28_15_17_08_615.jpg,C:\Users\Lenovo\Desktop\car3\IMG\left_2019_12_28_15_17_08_615.jpg,C:\Users\Lenovo\Desktop\car3\IMG\right_2019_12_28_15_17_08_615.jpg,0,1,0,30.1903
C:\Users\Lenovo\Desktop\car3\IMG\center_2019_12_28_15_17_08_739.jpg,C:\Users\Lenovo\Desktop\car3\IMG\left_2019_12_28_15_17_08_739.jpg,C:\Users\Lenovo\Desktop\car3\IMG\right_2019_12_28_15_17_08_739.jpg,0,1,0,30.1903
C:\Users\Lenovo\Desktop\car3\IMG\center_2019_12_28_15_17_08_863.jpg,C:\Users\Lenovo\Desktop\car3\IMG\left_2019_12_28_15_17_08_863.jpg,C:\Users\Lenovo\Desktop\car3\IMG\right_2019_12_28_15_17_08_863.jpg,0,1,0,30.19029
C:\Users\Lenovo\Desktop\car3\IMG\center_2019_12_28_15_17_08_986.jpg,C:\Users\Lenovo\Desktop\car3\IMG\left_2019_12_28_15_17_08_986.jpg,C:\Users\Lenovo\Desktop\car3\IMG\right_2019_12_28_15_17_08_986.jpg,0,1,0,30.1903
C:\Users\Lenovo\Desktop\car3\IMG\center_2019_12_28_15_17_09_059.jpg,C:\Users\Lenovo\Desktop\car3\IMG\left_2019_12_28_15_17_09_059.jpg,C:\Users\Lenovo\Desktop\car3\IMG\right_2019_12_28_15_17_09_059.jpg,0,1,0,30.19032
C:\Users\Lenovo\Desktop\car3\IMG\center_2019_12_28_15_17_09_176.jpg,C:\Users\Lenovo\Desktop\car3\IMG\left_2019_12_28_15_17_09_176.jpg,C:\Users\Lenovo\Desktop\car3\IMG\right_2019_12_28_15_17_09_176.jpg,-0.3,1,0,30.16928
C:\Users\Lenovo\Desktop\car3\IMG\center_2019_12_28_15_17_09_302.jpg,C:\Users\Lenovo\Desktop\car3\IMG\left_2019_12_28_15_17_09_302.jpg,C:\Users\Lenovo\Desktop\car3\IMG\right_2019_12_28_15_17_09_302.jpg,0,1,0,30.18993
C:\Users\Lenovo\Desktop\car3\IMG\center_2019_12_28_15_17_09_426.jpg,C:\Users\Lenovo\Desktop\car3\IMG\left_2019_12_28_15_17_09_426.jpg,C:\Users\Lenovo\Desktop\car3\IMG\right_2019_12_28_15_17_09_426.jpg,0,1,0,30.19028
C:\Users\Lenovo\Desktop\car3\IMG\center_2019_12_28_15_17_09_550.jpg,C:\Users\Lenovo\Desktop\car3\IMG\left_2019_12_28_15_17_09_550.jpg,C:\Users\Lenovo\Desktop\car3\IMG\right_2019_12_28_15_17_09_550.jpg,0,1,0,30.19027
C:\Users\Lenovo\Desktop\car3\IMG\center_2019_12_28_15_17_09_673.jpg,C:\Users\Lenovo\Desktop\car3\IMG\left_2019_12_28_15_17_09_673.jpg,C:\Users\Lenovo\Desktop\car3\IMG\right_2019_12_28_15_17_09_673.jpg,0,1,0,30.19029
C:\Users\Lenovo\Desktop\car3\IMG\center_2019_12_28_15_17_09_798.jpg,C:\Users\Lenovo\Desktop\car3\IMG\left_2019_12_28_15_17_09_798.jpg,C:\Users\Lenovo\Desktop\car3\IMG\right_2019_12_28_15_17_09_798.jpg,0,1,0,30.1903
C:\Users\Lenovo\Desktop\car3\IMG\center_2019_12_28_15_17_09_923.jpg,C:\Users\Lenovo\Desktop\car3\IMG\left_2019_12_28_15_17_09_923.jpg,C:\Users\Lenovo\Desktop\car3\IMG\right_2019_12_28_15_17_09_923.jpg,0,1,0,30.19031
C:\Users\Lenovo\Desktop\car3\IMG\center_2019_12_28_15_17_10_047.jpg,C:\Users\Lenovo\Desktop\car3\IMG\left_2019_12_28_15_17_10_047.jpg,C:\Users\Lenovo\Desktop\car3\IMG\right_2019_12_28_15_17_10_047.jpg,0,1,0,30.19029
C:\Users\Lenovo\Desktop\car3\IMG\center_2019_12_28_15_17_10_173.jpg,C:\Users\Lenovo\Desktop\car3\IMG\left_2019_12_28_15_17_10_173.jpg,C:\Users\Lenovo\Desktop\car3\IMG\right_2019_12_28_15_17_10_173.jpg,0,1,0,30.19029
C:\Users\Lenovo\Desktop\car3\IMG\center_2019_12_28_15_17_10_298.jpg,C:\Users\Lenovo\Desktop\car3\IMG\left_2019_12_28_15_17_10_298.jpg,C:\Users\Lenovo\Desktop\car3\IMG\right_2019_12_28_15_17_10_298.jpg,0,1,0,30.19031
C:\Users\Lenovo\Desktop\car3\IMG\center_2019_12_28_15_17_10_424.jpg,C:\Users\Lenovo\Desktop\car3\IMG\left_2019_12_28_15_17_10_424.jpg,C:\Users\Lenovo\Desktop\car3\IMG\right_2019_12_28_15_17_10_424.jpg,0,1,0,30.1903
C:\Users\Lenovo\Desktop\car3\IMG\center_2019_12_28_15_17_10_548.jpg,C:\Users\Lenovo\Desktop\car3\IMG\left_2019_12_28_15_17_10_548.jpg,C:\Users\Lenovo\Desktop\car3\IMG\right_2019_12_28_15_17_10_548.jpg,-0.15,1,0,30.18422
C:\Users\Lenovo\Desktop\car3\IMG\center_2019_12_28_15_17_10_675.jpg,C:\Users\Lenovo\Desktop\car3\IMG\left_2019_12_28_15_17_10_675.jpg,C:\Users\Lenovo\Desktop\car3\IMG\right_2019_12_28_15_17_10_675.jpg,-0.5000001,1,0,30.14537
C:\Users\Lenovo\Desktop\car3\IMG\center_2019_12_28_15_17_10_799.jpg,C:\Users\Lenovo\Desktop\car3\IMG\left_2019_12_28_15_17_10_799.jpg,C:\Users\Lenovo\Desktop\car3\IMG\right_2019_12_28_15_17_10_799.jpg,0,1,0,30.18103
C:\Users\Lenovo\Desktop\car3\IMG\center_2019_12_28_15_17_10_924.jpg,C:\Users\Lenovo\Desktop\car3\IMG\left_2019_12_28_15_17_10_924.jpg,C:\Users\Lenovo\Desktop\car3\IMG\right_2019_12_28_15_17_10_924.jpg,0,1,0,30.18944
C:\Users\Lenovo\Desktop\car3\IMG\center_2019_12_28_15_17_11_047.jpg,C:\Users\Lenovo\Desktop\car3\IMG\left_2019_12_28_15_17_11_047.jpg,C:\Users\Lenovo\Desktop\car3\IMG\right_2019_12_28_15_17_11_047.jpg,0,1,0,30.19025
C:\Users\Lenovo\Desktop\car3\IMG\center_2019_12_28_15_17_11_171.jpg,C:\Users\Lenovo\Desktop\car3\IMG\left_2019_12_28_15_17_11_171.jpg,C:\Users\Lenovo\Desktop\car3\IMG\right_2019_12_28_15_17_11_171.jpg,0,1,0,30.19029
C:\Users\Lenovo\Desktop\car3\IMG\center_2019_12_28_15_17_11_291.jpg,C:\Users\Lenovo\Desktop\car3\IMG\left_2019_12_28_15_17_11_291.jpg,C:\Users\Lenovo\Desktop\car3\IMG\right_2019_12_28_15_17_11_291.jpg,0,1,0,30.19029
C:\Users\Lenovo\Desktop\car3\IMG\center_2019_12_28_15_17_11_410.jpg,C:\Users\Lenovo\Desktop\car3\IMG\left_2019_12_28_15_17_11_410.jpg,C:\Users\Lenovo\Desktop\car3\IMG\right_2019_12_28_15_17_11_410.jpg,0.15,1,0,30.18428
C:\Users\Lenovo\Desktop\car3\IMG\center_2019_12_28_15_17_11_528.jpg,C:\Users\Lenovo\Desktop\car3\IMG\left_2019_12_28_15_17_11_528.jpg,C:\Users\Lenovo\Desktop\car3\IMG\right_2019_12_28_15_17_11_528.jpg,0,1,0,30.19064
C:\Users\Lenovo\Desktop\car3\IMG\center_2019_12_28_15_17_11_647.jpg,C:\Users\Lenovo\Desktop\car3\IMG\left_2019_12_28_15_17_11_647.jpg,C:\Users\Lenovo\Desktop\car3\IMG\right_2019_12_28_15_17_11_647.jpg,0,1,0,30.19013
C:\Users\Lenovo\Desktop\car3\IMG\center_2019_12_28_15_17_11_767.jpg,C:\Users\Lenovo\Desktop\car3\IMG\left_2019_12_28_15_17_11_767.jpg,C:\Users\Lenovo\Desktop\car3\IMG\right_2019_12_28_15_17_11_767.jpg,0,1,0,30.19027
C:\Users\Lenovo\Desktop\car3\IMG\center_2019_12_28_15_17_11_890.jpg,C:\Users\Lenovo\Desktop\car3\IMG\left_2019_12_28_15_17_11_890.jpg,C:\Users\Lenovo\Desktop\car3\IMG\right_2019_12_28_15_17_11_890.jpg,0,1,0,30.1903
C:\Users\Lenovo\Desktop\car3\IMG\center_2019_12_28_15_17_12_008.jpg,C:\Users\Lenovo\Desktop\car3\IMG\left_2019_12_28_15_17_12_008.jpg,C:\Users\Lenovo\Desktop\car3\IMG\right_2019_12_28_15_17_12_008.jpg,0,1,0,30.19031
C:\Users\Lenovo\Desktop\car3\IMG\center_2019_12_28_15_17_12_129.jpg,C:\Users\Lenovo\Desktop\car3\IMG\left_2019_12_28_15_17_12_129.jpg,C:\Users\Lenovo\Desktop\car3\IMG\right_2019_12_28_15_17_12_129.jpg,0,1,0,30.19044
C:\Users\Lenovo\Desktop\car3\IMG\center_2019_12_28_15_17_12_252.jpg,C:\Users\Lenovo\Desktop\car3\IMG\left_2019_12_28_15_17_12_252.jpg,C:\Users\Lenovo\Desktop\car3\IMG\right_2019_12_28_15_17_12_252.jpg,0,1,0,30.19028
C:\Users\Lenovo\Desktop\car3\IMG\center_2019_12_28_15_17_12_373.jpg,C:\Users\Lenovo\Desktop\car3\IMG\left_2019_12_28_15_17_12_373.jpg,C:\Users\Lenovo\Desktop\car3\IMG\right_2019_12_28_15_17_12_373.jpg,0,1,0,30.19041
C:\Users\Lenovo\Desktop\car3\IMG\center_2019_12_28_15_17_12_494.jpg,C:\Users\Lenovo\Desktop\car3\IMG\left_2019_12_28_15_17_12_494.jpg,C:\Users\Lenovo\Desktop\car3\IMG\right_2019_12_28_15_17_12_494.jpg,0,1,0,30.19021
C:\Users\Lenovo\Desktop\car3\IMG\center_2019_12_28_15_17_12_618.jpg,C:\Users\Lenovo\Desktop\car3\IMG\left_2019_12_28_15_17_12_618.jpg,C:\Users\Lenovo\Desktop\car3\IMG\right_2019_12_28_15_17_12_618.jpg,0,1,0,30.19023
C:\Users\Lenovo\Desktop\car3\IMG\center_2019_12_28_15_17_12_739.jpg,C:\Users\Lenovo\Desktop\car3\IMG\left_2019_12_28_15_17_12_739.jpg,C:\Users\Lenovo\Desktop\car3\IMG\right_2019_12_28_15_17_12_739.jpg,0,1,0,30.19022
C:\Users\Lenovo\Desktop\car3\IMG\center_2019_12_28_15_17_12_860.jpg,C:\Users\Lenovo\Desktop\car3\IMG\left_2019_12_28_15_17_12_860.jpg,C:\Users\Lenovo\Desktop\car3\IMG\right_2019_12_28_15_17_12_860.jpg,0,1,0,30.19023
C:\Users\Lenovo\Desktop\car3\IMG\center_2019_12_28_15_17_12_985.jpg,C:\Users\Lenovo\Desktop\car3\IMG\left_2019_12_28_15_17_12_985.jpg,C:\Users\Lenovo\Desktop\car3\IMG\right_2019_12_28_15_17_12_985.jpg,0,1,0,30.1902
C:\Users\Lenovo\Desktop\car3\IMG\center_2019_12_28_15_17_13_108.jpg,C:\Users\Lenovo\Desktop\car3\IMG\left_2019_12_28_15_17_13_108.jpg,C:\Users\Lenovo\Desktop\car3\IMG\right_2019_12_28_15_17_13_108.jpg,0,1,0,30.19022
C:\Users\Lenovo\Desktop\car3\IMG\center_2019_12_28_15_17_13_233.jpg,C:\Users\Lenovo\Desktop\car3\IMG\left_2019_12_28_15_17_13_233.jpg,C:\Users\Lenovo\Desktop\car3\IMG\right_2019_12_28_15_17_13_233.jpg,0,1,0,30.19021
C:\Users\Lenovo\Desktop\car3\IMG\center_2019_12_28_15_17_13_356.jpg,C:\Users\Lenovo\Desktop\car3\IMG\left_2019_12_28_15_17_13_356.jpg,C:\Users\Lenovo\Desktop\car3\IMG\right_2019_12_28_15_17_13_356.jpg,0,1,0,30.19022
C:\Users\Lenovo\Desktop\car3\IMG\center_2019_12_28_15_17_13_481.jpg,C:\Users\Lenovo\Desktop\car3\IMG\left_2019_12_28_15_17_13_481.jpg,C:\Users\Lenovo\Desktop\car3\IMG\right_2019_12_28_15_17_13_481.jpg,0,1,0,30.19024
C:\Users\Lenovo\Desktop\car3\IMG\center_2019_12_28_15_17_13_606.jpg,C:\Users\Lenovo\Desktop\car3\IMG\left_2019_12_28_15_17_13_606.jpg,C:\Users\Lenovo\Desktop\car3\IMG\right_2019_12_28_15_17_13_606.jpg,0,1,0,30.19036
C:\Users\Lenovo\Desktop\car3\IMG\center_2019_12_28_15_17_13_730.jpg,C:\Users\Lenovo\Desktop\car3\IMG\left_2019_12_28_15_17_13_730.jpg,C:\Users\Lenovo\Desktop\car3\IMG\right_2019_12_28_15_17_13_730.jpg,0,1,0,30.19074
C:\Users\Lenovo\Desktop\car3\IMG\center_2019_12_28_15_17_13_853.jpg,C:\Users\Lenovo\Desktop\car3\IMG\left_2019_12_28_15_17_13_853.jpg,C:\Users\Lenovo\Desktop\car3\IMG\right_2019_12_28_15_17_13_853.jpg,0,1,0,30.1904
C:\Users\Lenovo\Desktop\car3\IMG\center_2019_12_28_15_17_13_975.jpg,C:\Users\Lenovo\Desktop\car3\IMG\left_2019_12_28_15_17_13_975.jpg,C:\Users\Lenovo\Desktop\car3\IMG\right_2019_12_28_15_17_13_975.jpg,0,1,0,30.19041
C:\Users\Lenovo\Desktop\car3\IMG\center_2019_12_28_15_17_14_101.jpg,C:\Users\Lenovo\Desktop\car3\IMG\left_2019_12_28_15_17_14_101.jpg,C:\Users\Lenovo\Desktop\car3\IMG\right_2019_12_28_15_17_14_101.jpg,0,1,0,30.19041
C:\Users\Lenovo\Desktop\car3\IMG\center_2019_12_28_15_17_14_224.jpg,C:\Users\Lenovo\Desktop\car3\IMG\left_2019_12_28_15_17_14_224.jpg,C:\Users\Lenovo\Desktop\car3\IMG\right_2019_12_28_15_17_14_224.jpg,0,1,0,30.1904
C:\Users\Lenovo\Desktop\car3\IMG\center_2019_12_28_15_17_14_353.jpg,C:\Users\Lenovo\Desktop\car3\IMG\left_2019_12_28_15_17_14_353.jpg,C:\Users\Lenovo\Desktop\car3\IMG\right_2019_12_28_15_17_14_353.jpg,0,1,0,30.19039
C:\Users\Lenovo\Desktop\car3\IMG\center_2019_12_28_15_17_14_479.jpg,C:\Users\Lenovo\Desktop\car3\IMG\left_2019_12_28_15_17_14_479.jpg,C:\Users\Lenovo\Desktop\car3\IMG\right_2019_12_28_15_17_14_479.jpg,0,1,0,30.1904
C:\Users\Lenovo\Desktop\car3\IMG\center_2019_12_28_15_17_14_604.jpg,C:\Users\Lenovo\Desktop\car3\IMG\left_2019_12_28_15_17_14_604.jpg,C:\Users\Lenovo\Desktop\car3\IMG\right_2019_12_28_15_17_14_604.jpg,0,1,0,30.19054
C:\Users\Lenovo\Desktop\car3\IMG\center_2019_12_28_15_17_14_729.jpg,C:\Users\Lenovo\Desktop\car3\IMG\left_2019_12_28_15_17_14_729.jpg,C:\Users\Lenovo\Desktop\car3\IMG\right_2019_12_28_15_17_14_729.jpg,0,1,0,30.19039
C:\Users\Lenovo\Desktop\car3\IMG\center_2019_12_28_15_17_14_856.jpg,C:\Users\Lenovo\Desktop\car3\IMG\left_2019_12_28_15_17_14_856.jpg,C:\Users\Lenovo\Desktop\car3\IMG\right_2019_12_28_15_17_14_856.jpg,0,1,0,30.19023
C:\Users\Lenovo\Desktop\car3\IMG\center_2019_12_28_15_17_14_979.jpg,C:\Users\Lenovo\Desktop\car3\IMG\left_2019_12_28_15_17_14_979.jpg,C:\Users\Lenovo\Desktop\car3\IMG\right_2019_12_28_15_17_14_979.jpg,0,1,0,30.19024
C:\Users\Lenovo\Desktop\car3\IMG\center_2019_12_28_15_17_15_104.jpg,C:\Users\Lenovo\Desktop\car3\IMG\left_2019_12_28_15_17_15_104.jpg,C:\Users\Lenovo\Desktop\car3\IMG\right_2019_12_28_15_17_15_104.jpg,0,1,0,30.19024
C:\Users\Lenovo\Desktop\car3\IMG\center_2019_12_28_15_17_15_230.jpg,C:\Users\Lenovo\Desktop\car3\IMG\left_2019_12_28_15_17_15_230.jpg,C:\Users\Lenovo\Desktop\car3\IMG\right_2019_12_28_15_17_15_230.jpg,-0.35,1,0,30.16348
C:\Users\Lenovo\Desktop\car3\IMG\center_2019_12_28_15_17_15_356.jpg,C:\Users\Lenovo\Desktop\car3\IMG\left_2019_12_28_15_17_15_356.jpg,C:\Users\Lenovo\Desktop\car3\IMG\right_2019_12_28_15_17_15_356.jpg,0,1,0,30.18983
C:\Users\Lenovo\Desktop\car3\IMG\center_2019_12_28_15_17_15_481.jpg,C:\Users\Lenovo\Desktop\car3\IMG\left_2019_12_28_15_17_15_481.jpg,C:\Users\Lenovo\Desktop\car3\IMG\right_2019_12_28_15_17_15_481.jpg,0,1,0,30.19026
C:\Users\Lenovo\Desktop\car3\IMG\center_2019_12_28_15_17_15_604.jpg,C:\Users\Lenovo\Desktop\car3\IMG\left_2019_12_28_15_17_15_604.jpg,C:\Users\Lenovo\Desktop\car3\IMG\right_2019_12_28_15_17_15_604.jpg,0,1,0,30.19031
C:\Users\Lenovo\Desktop\car3\IMG\center_2019_12_28_15_17_15_725.jpg,C:\Users\Lenovo\Desktop\car3\IMG\left_2019_12_28_15_17_15_725.jpg,C:\Users\Lenovo\Desktop\car3\IMG\right_2019_12_28_15_17_15_725.jpg,0,1,0,30.19029
C:\Users\Lenovo\Desktop\car3\IMG\center_2019_12_28_15_17_15_847.jpg,C:\Users\Lenovo\Desktop\car3\IMG\left_2019_12_28_15_17_15_847.jpg,C:\Users\Lenovo\Desktop\car3\IMG\right_2019_12_28_15_17_15_847.jpg,0,1,0,30.19033
C:\Users\Lenovo\Desktop\car3\IMG\center_2019_12_28_15_17_15_970.jpg,C:\Users\Lenovo\Desktop\car3\IMG\left_2019_12_28_15_17_15_970.jpg,C:\Users\Lenovo\Desktop\car3\IMG\right_2019_12_28_15_17_15_970.jpg,0,1,0,30.19033
C:\Users\Lenovo\Desktop\car3\IMG\center_2019_12_28_15_17_16_091.jpg,C:\Users\Lenovo\Desktop\car3\IMG\left_2019_12_28_15_17_16_091.jpg,C:\Users\Lenovo\Desktop\car3\IMG\right_2019_12_28_15_17_16_091.jpg,0,1,0,30.19031
C:\Users\Lenovo\Desktop\car3\IMG\center_2019_12_28_15_17_16_212.jpg,C:\Users\Lenovo\Desktop\car3\IMG\left_2019_12_28_15_17_16_212.jpg,C:\Users\Lenovo\Desktop\car3\IMG\right_2019_12_28_15_17_16_212.jpg,0,1,0,30.19029
C:\Users\Lenovo\Desktop\car3\IMG\center_2019_12_28_15_17_16_336.jpg,C:\Users\Lenovo\Desktop\car3\IMG\left_2019_12_28_15_17_16_336.jpg,C:\Users\Lenovo\Desktop\car3\IMG\right_2019_12_28_15_17_16_336.jpg,0,1,0,30.19025
C:\Users\Lenovo\Desktop\car3\IMG\center_2019_12_28_15_17_16_460.jpg,C:\Users\Lenovo\Desktop\car3\IMG\left_2019_12_28_15_17_16_460.jpg,C:\Users\Lenovo\Desktop\car3\IMG\right_2019_12_28_15_17_16_460.jpg,0,1,0,30.1903
C:\Users\Lenovo\Desktop\car3\IMG\center_2019_12_28_15_17_16_585.jpg,C:\Users\Lenovo\Desktop\car3\IMG\left_2019_12_28_15_17_16_585.jpg,C:\Users\Lenovo\Desktop\car3\IMG\right_2019_12_28_15_17_16_585.jpg,-0.15,1,0,30.18422
C:\Users\Lenovo\Desktop\car3\IMG\center_2019_12_28_15_17_16_710.jpg,C:\Users\Lenovo\Desktop\car3\IMG\left_2019_12_28_15_17_16_710.jpg,C:\Users\Lenovo\Desktop\car3\IMG\right_2019_12_28_15_17_16_710.jpg,-0.5000001,1,0,30.14541
C:\Users\Lenovo\Desktop\car3\IMG\center_2019_12_28_15_17_16_839.jpg,C:\Users\Lenovo\Desktop\car3\IMG\left_2019_12_28_15_17_16_839.jpg,C:\Users\Lenovo\Desktop\car3\IMG\right_2019_12_28_15_17_16_839.jpg,0,1,0,30.18899
C:\Users\Lenovo\Desktop\car3\IMG\center_2019_12_28_15_17_16_965.jpg,C:\Users\Lenovo\Desktop\car3\IMG\left_2019_12_28_15_17_16_965.jpg,C:\Users\Lenovo\Desktop\car3\IMG\right_2019_12_28_15_17_16_965.jpg,0,1,0,30.19019
C:\Users\Lenovo\Desktop\car3\IMG\center_2019_12_28_15_17_17_085.jpg,C:\Users\Lenovo\Desktop\car3\IMG\left_2019_12_28_15_17_17_085.jpg,C:\Users\Lenovo\Desktop\car3\IMG\right_2019_12_28_15_17_17_085.jpg,0,1,0,30.19026
C:\Users\Lenovo\Desktop\car3\IMG\center_2019_12_28_15_17_17_207.jpg,C:\Users\Lenovo\Desktop\car3\IMG\left_2019_12_28_15_17_17_207.jpg,C:\Users\Lenovo\Desktop\car3\IMG\right_2019_12_28_15_17_17_207.jpg,0,1,0,30.19028
C:\Users\Lenovo\Desktop\car3\IMG\center_2019_12_28_15_17_17_324.jpg,C:\Users\Lenovo\Desktop\car3\IMG\left_2019_12_28_15_17_17_324.jpg,C:\Users\Lenovo\Desktop\car3\IMG\right_2019_12_28_15_17_17_324.jpg,0,1,0,30.1903
C:\Users\Lenovo\Desktop\car3\IMG\center_2019_12_28_15_17_17_444.jpg,C:\Users\Lenovo\Desktop\car3\IMG\left_2019_12_28_15_17_17_444.jpg,C:\Users\Lenovo\Desktop\car3\IMG\right_2019_12_28_15_17_17_444.jpg,0,1,0,30.19006
C:\Users\Lenovo\Desktop\car3\IMG\center_2019_12_28_15_17_17_562.jpg,C:\Users\Lenovo\Desktop\car3\IMG\left_2019_12_28_15_17_17_562.jpg,C:\Users\Lenovo\Desktop\car3\IMG\right_2019_12_28_15_17_17_562.jpg,0,1,0,30.18957
C:\Users\Lenovo\Desktop\car3\IMG\center_2019_12_28_15_17_17_683.jpg,C:\Users\Lenovo\Desktop\car3\IMG\left_2019_12_28_15_17_17_683.jpg,C:\Users\Lenovo\Desktop\car3\IMG\right_2019_12_28_15_17_17_683.jpg,0,1,0,30.18978
C:\Users\Lenovo\Desktop\car3\IMG\center_2019_12_28_15_17_17_800.jpg,C:\Users\Lenovo\Desktop\car3\IMG\left_2019_12_28_15_17_17_800.jpg,C:\Users\Lenovo\Desktop\car3\IMG\right_2019_12_28_15_17_17_800.jpg,0,1,0,30.19011
C:\Users\Lenovo\Desktop\car3\IMG\center_2019_12_28_15_17_17_918.jpg,C:\Users\Lenovo\Desktop\car3\IMG\left_2019_12_28_15_17_17_918.jpg,C:\Users\Lenovo\Desktop\car3\IMG\right_2019_12_28_15_17_17_918.jpg,0,1,0,30.19044
C:\Users\Lenovo\Desktop\car3\IMG\center_2019_12_28_15_17_18_033.jpg,C:\Users\Lenovo\Desktop\car3\IMG\left_2019_12_28_15_17_18_033.jpg,C:\Users\Lenovo\Desktop\car3\IMG\right_2019_12_28_15_17_18_033.jpg,0,1,0,30.1902
C:\Users\Lenovo\Desktop\car3\IMG\center_2019_12_28_15_17_18_152.jpg,C:\Users\Lenovo\Desktop\car3\IMG\left_2019_12_28_15_17_18_152.jpg,C:\Users\Lenovo\Desktop\car3\IMG\right_2019_12_28_15_17_18_152.jpg,0,1,0,30.19016
C:\Users\Lenovo\Desktop\car3\IMG\center_2019_12_28_15_17_18_270.jpg,C:\Users\Lenovo\Desktop\car3\IMG\left_2019_12_28_15_17_18_270.jpg,C:\Users\Lenovo\Desktop\car3\IMG\right_2019_12_28_15_17_18_270.jpg,0,1,0,30.19018
C:\Users\Lenovo\Desktop\car3\IMG\center_2019_12_28_15_17_18_388.jpg,C:\Users\Lenovo\Desktop\car3\IMG\left_2019_12_28_15_17_18_388.jpg,C:\Users\Lenovo\Desktop\car3\IMG\right_2019_12_28_15_17_18_388.jpg,0,1,0,30.19019
C:\Users\Lenovo\Desktop\car3\IMG\center_2019_12_28_15_17_18_506.jpg,C:\Users\Lenovo\Desktop\car3\IMG\left_2019_12_28_15_17_18_506.jpg,C:\Users\Lenovo\Desktop\car3\IMG\right_2019_12_28_15_17_18_506.jpg,0.3,1,0,30.16968
C:\Users\Lenovo\Desktop\car3\IMG\center_2019_12_28_15_17_18_625.jpg,C:\Users\Lenovo\Desktop\car3\IMG\left_2019_12_28_15_17_18_625.jpg,C:\Users\Lenovo\Desktop\car3\IMG\right_2019_12_28_15_17_18_625.jpg,0,1,0,30.18998
C:\Users\Lenovo\Desktop\car3\IMG\center_2019_12_28_15_17_18_744.jpg,C:\Users\Lenovo\Desktop\car3\IMG\left_2019_12_28_15_17_18_744.jpg,C:\Users\Lenovo\Desktop\car3\IMG\right_2019_12_28_15_17_18_744.jpg,0,1,0,30.1903
C:\Users\Lenovo\Desktop\car3\IMG\center_2019_12_28_15_17_18_865.jpg,C:\Users\Lenovo\Desktop\car3\IMG\left_2019_12_28_15_17_18_865.jpg,C:\Users\Lenovo\Desktop\car3\IMG\right_2019_12_28_15_17_18_865.jpg,0,1,0,30.19035
C:\Users\Lenovo\Desktop\car3\IMG\center_2019_12_28_15_17_18_988.jpg,C:\Users\Lenovo\Desktop\car3\IMG\left_2019_12_28_15_17_18_988.jpg,C:\Users\Lenovo\Desktop\car3\IMG\right_2019_12_28_15_17_18_988.jpg,0,1,0,30.19034
C:\Users\Lenovo\Desktop\car3\IMG\center_2019_12_28_15_17_19_107.jpg,C:\Users\Lenovo\Desktop\car3\IMG\left_2019_12_28_15_17_19_107.jpg,C:\Users\Lenovo\Desktop\car3\IMG\right_2019_12_28_15_17_19_107.jpg,0,1,0,30.19052
C:\Users\Lenovo\Desktop\car3\IMG\center_2019_12_28_15_17_19_230.jpg,C:\Users\Lenovo\Desktop\car3\IMG\left_2019_12_28_15_17_19_230.jpg,C:\Users\Lenovo\Desktop\car3\IMG\right_2019_12_28_15_17_19_230.jpg,0,1,0,30.19069
C:\Users\Lenovo\Desktop\car3\IMG\center_2019_12_28_15_17_19_350.jpg,C:\Users\Lenovo\Desktop\car3\IMG\left_2019_12_28_15_17_19_350.jpg,C:\Users\Lenovo\Desktop\car3\IMG\right_2019_12_28_15_17_19_350.jpg,0,1,0,30.19059
C:\Users\Lenovo\Desktop\car3\IMG\center_2019_12_28_15_17_19_469.jpg,C:\Users\Lenovo\Desktop\car3\IMG\left_2019_12_28_15_17_19_469.jpg,C:\Users\Lenovo\Desktop\car3\IMG\right_2019_12_28_15_17_19_469.jpg,-0.1,1,0,30.18775
C:\Users\Lenovo\Desktop\car3\IMG\center_2019_12_28_15_17_19_589.jpg,C:\Users\Lenovo\Desktop\car3\IMG\left_2019_12_28_15_17_19_589.jpg,C:\Users\Lenovo\Desktop\car3\IMG\right_2019_12_28_15_17_19_589.jpg,0,1,0,30.1895
C:\Users\Lenovo\Desktop\car3\IMG\center_2019_12_28_15_17_19_706.jpg,C:\Users\Lenovo\Desktop\car3\IMG\left_2019_12_28_15_17_19_706.jpg,C:\Users\Lenovo\Desktop\car3\IMG\right_2019_12_28_15_17_19_706.jpg,0,1,0,30.1904
C:\Users\Lenovo\Desktop\car3\IMG\center_2019_12_28_15_17_19_825.jpg,C:\Users\Lenovo\Desktop\car3\IMG\left_2019_12_28_15_17_19_825.jpg,C:\Users\Lenovo\Desktop\car3\IMG\right_2019_12_28_15_17_19_825.jpg,0,1,0,30.19041
C:\Users\Lenovo\Desktop\car3\IMG\center_2019_12_28_15_17_19_943.jpg,C:\Users\Lenovo\Desktop\car3\IMG\left_2019_12_28_15_17_19_943.jpg,C:\Users\Lenovo\Desktop\car3\IMG\right_2019_12_28_15_17_19_943.jpg,0,1,0,30.19027
C:\Users\Lenovo\Desktop\car3\IMG\center_2019_12_28_15_17_20_057.jpg,C:\Users\Lenovo\Desktop\car3\IMG\left_2019_12_28_15_17_20_057.jpg,C:\Users\Lenovo\Desktop\car3\IMG\right_2019_12_28_15_17_20_057.jpg,0,1,0,30.1905
C:\Users\Lenovo\Desktop\car3\IMG\center_2019_12_28_15_17_20_175.jpg,C:\Users\Lenovo\Desktop\car3\IMG\left_2019_12_28_15_17_20_175.jpg,C:\Users\Lenovo\Desktop\car3\IMG\right_2019_12_28_15_17_20_175.jpg,0,1,0,30.19025
C:\Users\Lenovo\Desktop\car3\IMG\center_2019_12_28_15_17_20_294.jpg,C:\Users\Lenovo\Desktop\car3\IMG\left_2019_12_28_15_17_20_294.jpg,C:\Users\Lenovo\Desktop\car3\IMG\right_2019_12_28_15_17_20_294.jpg,0,1,0,30.19032
C:\Users\Lenovo\Desktop\car3\IMG\center_2019_12_28_15_17_20_411.jpg,C:\Users\Lenovo\Desktop\car3\IMG\left_2019_12_28_15_17_20_411.jpg,C:\Users\Lenovo\Desktop\car3\IMG\right_2019_12_28_15_17_20_411.jpg,0,1,0,30.19029
C:\Users\Lenovo\Desktop\car3\IMG\center_2019_12_28_15_17_20_529.jpg,C:\Users\Lenovo\Desktop\car3\IMG\left_2019_12_28_15_17_20_529.jpg,C:\Users\Lenovo\Desktop\car3\IMG\right_2019_12_28_15_17_20_529.jpg,0,1,0,30.1903
C:\Users\Lenovo\Desktop\car3\IMG\center_2019_12_28_15_17_20_650.jpg,C:\Users\Lenovo\Desktop\car3\IMG\left_2019_12_28_15_17_20_650.jpg,C:\Users\Lenovo\Desktop\car3\IMG\right_2019_12_28_15_17_20_650.jpg,0,1,0,30.19029
C:\Users\Lenovo\Desktop\car3\IMG\center_2019_12_28_15_17_20_771.jpg,C:\Users\Lenovo\Desktop\car3\IMG\left_2019_12_28_15_17_20_771.jpg,C:\Users\Lenovo\Desktop\car3\IMG\right_2019_12_28_15_17_20_771.jpg,0,1,0,30.19027
C:\Users\Lenovo\Desktop\car3\IMG\center_2019_12_28_15_17_20_890.jpg,C:\Users\Lenovo\Desktop\car3\IMG\left_2019_12_28_15_17_20_890.jpg,C:\Users\Lenovo\Desktop\car3\IMG\right_2019_12_28_15_17_20_890.jpg,-0.2,1,0,30.17982
C:\Users\Lenovo\Desktop\car3\IMG\center_2019_12_28_15_17_21_008.jpg,C:\Users\Lenovo\Desktop\car3\IMG\left_2019_12_28_15_17_21_008.jpg,C:\Users\Lenovo\Desktop\car3\IMG\right_2019_12_28_15_17_21_008.jpg,-0.45,1,0,30.1515
C:\Users\Lenovo\Desktop\car3\IMG\center_2019_12_28_15_17_21_128.jpg,C:\Users\Lenovo\Desktop\car3\IMG\left_2019_12_28_15_17_21_128.jpg,C:\Users\Lenovo\Desktop\car3\IMG\right_2019_12_28_15_17_21_128.jpg,0,1,0,30.18933
C:\Users\Lenovo\Desktop\car3\IMG\center_2019_12_28_15_17_21_248.jpg,C:\Users\Lenovo\Desktop\car3\IMG\left_2019_12_28_15_17_21_248.jpg,C:\Users\Lenovo\Desktop\car3\IMG\right_2019_12_28_15_17_21_248.jpg,0,1,0,30.19024
C:\Users\Lenovo\Desktop\car3\IMG\center_2019_12_28_15_17_21_369.jpg,C:\Users\Lenovo\Desktop\car3\IMG\left_2019_12_28_15_17_21_369.jpg,C:\Users\Lenovo\Desktop\car3\IMG\right_2019_12_28_15_17_21_369.jpg,0,1,0,30.19028
C:\Users\Lenovo\Desktop\car3\IMG\center_2019_12_28_15_17_21_489.jpg,C:\Users\Lenovo\Desktop\car3\IMG\left_2019_12_28_15_17_21_489.jpg,C:\Users\Lenovo\Desktop\car3\IMG\right_2019_12_28_15_17_21_489.jpg,0,1,0,30.19032
C:\Users\Lenovo\Desktop\car3\IMG\center_2019_12_28_15_17_21_606.jpg,C:\Users\Lenovo\Desktop\car3\IMG\left_2019_12_28_15_17_21_606.jpg,C:\Users\Lenovo\Desktop\car3\IMG\right_2019_12_28_15_17_21_606.jpg,0,1,0,30.19022
C:\Users\Lenovo\Desktop\car3\IMG\center_2019_12_28_15_17_21_721.jpg,C:\Users\Lenovo\Desktop\car3\IMG\left_2019_12_28_15_17_21_721.jpg,C:\Users\Lenovo\Desktop\car3\IMG\right_2019_12_28_15_17_21_721.jpg,0,1,0,30.19031
C:\Users\Lenovo\Desktop\car3\IMG\center_2019_12_28_15_17_21_841.jpg,C:\Users\Lenovo\Desktop\car3\IMG\left_2019_12_28_15_17_21_841.jpg,C:\Users\Lenovo\Desktop\car3\IMG\right_2019_12_28_15_17_21_841.jpg,-0.15,1,0,30.18428
C:\Users\Lenovo\Desktop\car3\IMG\center_2019_12_28_15_17_21_957.jpg,C:\Users\Lenovo\Desktop\car3\IMG\left_2019_12_28_15_17_21_957.jpg,C:\Users\Lenovo\Desktop\car3\IMG\right_2019_12_28_15_17_21_957.jpg,-0.45,1,0,30.15145
C:\Users\Lenovo\Desktop\car3\IMG\center_2019_12_28_15_17_22_075.jpg,C:\Users\Lenovo\Desktop\car3\IMG\left_2019_12_28_15_17_22_075.jpg,C:\Users\Lenovo\Desktop\car3\IMG\right_2019_12_28_15_17_22_075.jpg,0,1,0,30.18931
C:\Users\Lenovo\Desktop\car3\IMG\center_2019_12_28_15_17_22_192.jpg,C:\Users\Lenovo\Desktop\car3\IMG\left_2019_12_28_15_17_22_192.jpg,C:\Users\Lenovo\Desktop\car3\IMG\right_2019_12_28_15_17_22_192.jpg,0,1,0,30.1902
C:\Users\Lenovo\Desktop\car3\IMG\center_2019_12_28_15_17_22_307.jpg,C:\Users\Lenovo\Desktop\car3\IMG\left_2019_12_28_15_17_22_307.jpg,C:\Users\Lenovo\Desktop\car3\IMG\right_2019_12_28_15_17_22_307.jpg,0,1,0,30.19029
C:\Users\Lenovo\Desktop\car3\IMG\center_2019_12_28_15_17_22_422.jpg,C:\Users\Lenovo\Desktop\car3\IMG\left_2019_12_28_15_17_22_422.jpg,C:\Users\Lenovo\Desktop\car3\IMG\right_2019_12_28_15_17_22_422.jpg,0,1,0,30.1903
C:\Users\Lenovo\Desktop\car3\IMG\center_2019_12_28_15_17_22_540.jpg,C:\Users\Lenovo\Desktop\car3\IMG\left_2019_12_28_15_17_22_540.jpg,C:\Users\Lenovo\Desktop\car3\IMG\right_2019_12_28_15_17_22_540.jpg,0,1,0,30.19029
C:\Users\Lenovo\Desktop\car3\IMG\center_2019_12_28_15_17_22_653.jpg,C:\Users\Lenovo\Desktop\car3\IMG\left_2019_12_28_15_17_22_653.jpg,C:\Users\Lenovo\Desktop\car3\IMG\right_2019_12_28_15_17_22_653.jpg,0,1,0,30.19029
C:\Users\Lenovo\Desktop\car3\IMG\center_2019_12_28_15_17_22_768.jpg,C:\Users\Lenovo\Desktop\car3\IMG\left_2019_12_28_15_17_22_768.jpg,C:\Users\Lenovo\Desktop\car3\IMG\right_2019_12_28_15_17_22_768.jpg,0,1,0,30.19027
C:\Users\Lenovo\Desktop\car3\IMG\center_2019_12_28_15_17_22_883.jpg,C:\Users\Lenovo\Desktop\car3\IMG\left_2019_12_28_15_17_22_883.jpg,C:\Users\Lenovo\Desktop\car3\IMG\right_2019_12_28_15_17_22_883.jpg,0,1,0,30.1903
C:\Users\Lenovo\Desktop\car3\IMG\center_2019_12_28_15_17_23_000.jpg,C:\Users\Lenovo\Desktop\car3\IMG\left_2019_12_28_15_17_23_000.jpg,C:\Users\Lenovo\Desktop\car3\IMG\right_2019_12_28_15_17_23_000.jpg,0,1,0,30.19032
C:\Users\Lenovo\Desktop\car3\IMG\center_2019_12_28_15_17_23_113.jpg,C:\Users\Lenovo\Desktop\car3\IMG\left_2019_12_28_15_17_23_113.jpg,C:\Users\Lenovo\Desktop\car3\IMG\right_2019_12_28_15_17_23_113.jpg,0,1,0,30.19032
C:\Users\Lenovo\Desktop\car3\IMG\center_2019_12_28_15_17_23_228.jpg,C:\Users\Lenovo\Desktop\car3\IMG\left_2019_12_28_15_17_23_228.jpg,C:\Users\Lenovo\Desktop\car3\IMG\right_2019_12_28_15_17_23_228.jpg,0,1,0,30.19032
C:\Users\Lenovo\Desktop\car3\IMG\center_2019_12_28_15_17_23_342.jpg,C:\Users\Lenovo\Desktop\car3\IMG\left_2019_12_28_15_17_23_342.jpg,C:\Users\Lenovo\Desktop\car3\IMG\right_2019_12_28_15_17_23_342.jpg,0,1,0,30.1903
C:\Users\Lenovo\Desktop\car3\IMG\center_2019_12_28_15_17_23_453.jpg,C:\Users\Lenovo\Desktop\car3\IMG\left_2019_12_28_15_17_23_453.jpg,C:\Users\Lenovo\Desktop\car3\IMG\right_2019_12_28_15_17_23_453.jpg,0,1,0,30.19029
C:\Users\Lenovo\Desktop\car3\IMG\center_2019_12_28_15_17_23_563.jpg,C:\Users\Lenovo\Desktop\car3\IMG\left_2019_12_28_15_17_23_563.jpg,C:\Users\Lenovo\Desktop\car3\IMG\right_2019_12_28_15_17_23_563.jpg,0,1,0,30.1903
C:\Users\Lenovo\Desktop\car3\IMG\center_2019_12_28_15_17_23_675.jpg,C:\Users\Lenovo\Desktop\car3\IMG\left_2019_12_28_15_17_23_675.jpg,C:\Users\Lenovo\Desktop\car3\IMG\right_2019_12_28_15_17_23_675.jpg,0,1,0,30.1903
C:\Users\Lenovo\Desktop\car3\IMG\center_2019_12_28_15_17_23_787.jpg,C:\Users\Lenovo\Desktop\car3\IMG\left_2019_12_28_15_17_23_787.jpg,C:\Users\Lenovo\Desktop\car3\IMG\right_2019_12_28_15_17_23_787.jpg,0,1,0,30.19031
C:\Users\Lenovo\Desktop\car3\IMG\center_2019_12_28_15_17_23_902.jpg,C:\Users\Lenovo\Desktop\car3\IMG\left_2019_12_28_15_17_23_902.jpg,C:\Users\Lenovo\Desktop\car3\IMG\right_2019_12_28_15_17_23_902.jpg,0,1,0,30.19032
C:\Users\Lenovo\Desktop\car3\IMG\center_2019_12_28_15_17_24_016.jpg,C:\Users\Lenovo\Desktop\car3\IMG\left_2019_12_28_15_17_24_016.jpg,C:\Users\Lenovo\Desktop\car3\IMG\right_2019_12_28_15_17_24_016.jpg,0,1,0,30.19013
C:\Users\Lenovo\Desktop\car3\IMG\center_2019_12_28_15_17_24_127.jpg,C:\Users\Lenovo\Desktop\car3\IMG\left_2019_12_28_15_17_24_127.jpg,C:\Users\Lenovo\Desktop\car3\IMG\right_2019_12_28_15_17_24_127.jpg,0,1,0,30.19027
C:\Users\Lenovo\Desktop\car3\IMG\center_2019_12_28_15_17_24_245.jpg,C:\Users\Lenovo\Desktop\car3\IMG\left_2019_12_28_15_17_24_245.jpg,C:\Users\Lenovo\Desktop\car3\IMG\right_2019_12_28_15_17_24_245.jpg,0,1,0,30.19025
C:\Users\Lenovo\Desktop\car3\IMG\center_2019_12_28_15_17_24_360.jpg,C:\Users\Lenovo\Desktop\car3\IMG\left_2019_12_28_15_17_24_360.jpg,C:\Users\Lenovo\Desktop\car3\IMG\right_2019_12_28_15_17_24_360.jpg,-0.3,1,0,30.16931
C:\Users\Lenovo\Desktop\car3\IMG\center_2019_12_28_15_17_24_475.jpg,C:\Users\Lenovo\Desktop\car3\IMG\left_2019_12_28_15_17_24_475.jpg,C:\Users\Lenovo\Desktop\car3\IMG\right_2019_12_28_15_17_24_475.jpg,0,1,0,30.18645
C:\Users\Lenovo\Desktop\car3\IMG\center_2019_12_28_15_17_24_592.jpg,C:\Users\Lenovo\Desktop\car3\IMG\left_2019_12_28_15_17_24_592.jpg,C:\Users\Lenovo\Desktop\car3\IMG\right_2019_12_28_15_17_24_592.jpg,0,1,0,30.19001
C:\Users\Lenovo\Desktop\car3\IMG\center_2019_12_28_15_17_24_706.jpg,C:\Users\Lenovo\Desktop\car3\IMG\left_2019_12_28_15_17_24_706.jpg,C:\Users\Lenovo\Desktop\car3\IMG\right_2019_12_28_15_17_24_706.jpg,0,1,0,30.1903
C:\Users\Lenovo\Desktop\car3\IMG\center_2019_12_28_15_17_24_821.jpg,C:\Users\Lenovo\Desktop\car3\IMG\left_2019_12_28_15_17_24_821.jpg,C:\Users\Lenovo\Desktop\car3\IMG\right_2019_12_28_15_17_24_821.jpg,0,1,0,30.1903
C:\Users\Lenovo\Desktop\car3\IMG\center_2019_12_28_15_17_24_939.jpg,C:\Users\Lenovo\Desktop\car3\IMG\left_2019_12_28_15_17_24_939.jpg,C:\Users\Lenovo\Desktop\car3\IMG\right_2019_12_28_15_17_24_939.jpg,0,1,0,30.19029
C:\Users\Lenovo\Desktop\car3\IMG\center_2019_12_28_15_17_25_056.jpg,C:\Users\Lenovo\Desktop\car3\IMG\left_2019_12_28_15_17_25_056.jpg,C:\Users\Lenovo\Desktop\car3\IMG\right_2019_12_28_15_17_25_056.jpg,0,1,0,30.1903
C:\Users\Lenovo\Desktop\car3\IMG\center_2019_12_28_15_17_25_169.jpg,C:\Users\Lenovo\Desktop\car3\IMG\left_2019_12_28_15_17_25_169.jpg,C:\Users\Lenovo\Desktop\car3\IMG\right_2019_12_28_15_17_25_169.jpg,0,1,0,30.19028
C:\Users\Lenovo\Desktop\car3\IMG\center_2019_12_28_15_17_25_283.jpg,C:\Users\Lenovo\Desktop\car3\IMG\left_2019_12_28_15_17_25_283.jpg,C:\Users\Lenovo\Desktop\car3\IMG\right_2019_12_28_15_17_25_283.jpg,0,1,0,30.19028
C:\Users\Lenovo\Desktop\car3\IMG\center_2019_12_28_15_17_25_395.jpg,C:\Users\Lenovo\Desktop\car3\IMG\left_2019_12_28_15_17_25_395.jpg,C:\Users\Lenovo\Desktop\car3\IMG\right_2019_12_28_15_17_25_395.jpg,0,1,0,30.19031
C:\Users\Lenovo\Desktop\car3\IMG\center_2019_12_28_15_17_25_507.jpg,C:\Users\Lenovo\Desktop\car3\IMG\left_2019_12_28_15_17_25_507.jpg,C:\Users\Lenovo\Desktop\car3\IMG\right_2019_12_28_15_17_25_507.jpg,0,1,0,30.19026
C:\Users\Lenovo\Desktop\car3\IMG\center_2019_12_28_15_17_25_617.jpg,C:\Users\Lenovo\Desktop\car3\IMG\left_2019_12_28_15_17_25_617.jpg,C:\Users\Lenovo\Desktop\car3\IMG\right_2019_12_28_15_17_25_617.jpg,-0.3,1,0,30.16928
C:\Users\Lenovo\Desktop\car3\IMG\center_2019_12_28_15_17_25_727.jpg,C:\Users\Lenovo\Desktop\car3\IMG\left_2019_12_28_15_17_25_727.jpg,C:\Users\Lenovo\Desktop\car3\IMG\right_2019_12_28_15_17_25_727.jpg,-0.5500001,1,0,30.13927
C:\Users\Lenovo\Desktop\car3\IMG\center_2019_12_28_15_17_25_840.jpg,C:\Users\Lenovo\Desktop\car3\IMG\left_2019_12_28_15_17_25_840.jpg,C:\Users\Lenovo\Desktop\car3\IMG\right_2019_12_28_15_17_25_840.jpg,0,1,0,30.17933
C:\Users\Lenovo\Desktop\car3\IMG\center_2019_12_28_15_17_25_951.jpg,C:\Users\Lenovo\Desktop\car3\IMG\left_2019_12_28_15_17_25_951.jpg,C:\Users\Lenovo\Desktop\car3\IMG\right_2019_12_28_15_17_25_951.jpg,0,1,0,30.18933
C:\Users\Lenovo\Desktop\car3\IMG\center_2019_12_28_15_17_26_060.jpg,C:\Users\Lenovo\Desktop\car3\IMG\left_2019_12_28_15_17_26_060.jpg,C:\Users\Lenovo\Desktop\car3\IMG\right_2019_12_28_15_17_26_060.jpg,0,1,0,30.19024
C:\Users\Lenovo\Desktop\car3\IMG\center_2019_12_28_15_17_26_164.jpg,C:\Users\Lenovo\Desktop\car3\IMG\left_2019_12_28_15_17_26_164.jpg,C:\Users\Lenovo\Desktop\car3\IMG\right_2019_12_28_15_17_26_164.jpg,0,1,0,30.19027
C:\Users\Lenovo\Desktop\car3\IMG\center_2019_12_28_15_17_26_270.jpg,C:\Users\Lenovo\Desktop\car3\IMG\left_2019_12_28_15_17_26_270.jpg,C:\Users\Lenovo\Desktop\car3\IMG\right_2019_12_28_15_17_26_270.jpg,-0.3,1,0,30.16957
C:\Users\Lenovo\Desktop\car3\IMG\center_2019_12_28_15_17_26_374.jpg,C:\Users\Lenovo\Desktop\car3\IMG\left_2019_12_28_15_17_26_374.jpg,C:\Users\Lenovo\Desktop\car3\IMG\right_2019_12_28_15_17_26_374.jpg,-0.5500001,1,0,30.13982
C:\Users\Lenovo\Desktop\car3\IMG\center_2019_12_28_15_17_26_479.jpg,C:\Users\Lenovo\Desktop\car3\IMG\left_2019_12_28_15_17_26_479.jpg,C:\Users\Lenovo\Desktop\car3\IMG\right_2019_12_28_15_17_26_479.jpg,0,1,0,30.18722
C:\Users\Lenovo\Desktop\car3\IMG\center_2019_12_28_15_17_26_580.jpg,C:\Users\Lenovo\Desktop\car3\IMG\left_2019_12_28_15_17_26_580.jpg,C:\Users\Lenovo\Desktop\car3\IMG\right_2019_12_28_15_17_26_580.jpg,0,1,0,30.18932
C:\Users\Lenovo\Desktop\car3\IMG\center_2019_12_28_15_17_26_685.jpg,C:\Users\Lenovo\Desktop\car3\IMG\left_2019_12_28_15_17_26_685.jpg,C:\Users\Lenovo\Desktop\car3\IMG\right_2019_12_28_15_17_26_685.jpg,0,1,0,30.18951
C:\Users\Lenovo\Desktop\car3\IMG\center_2019_12_28_15_17_26_788.jpg,C:\Users\Lenovo\Desktop\car3\IMG\left_2019_12_28_15_17_26_788.jpg,C:\Users\Lenovo\Desktop\car3\IMG\right_2019_12_28_15_17_26_788.jpg,0,1,0,30.18952
C:\Users\Lenovo\Desktop\car3\IMG\center_2019_12_28_15_17_26_888.jpg,C:\Users\Lenovo\Desktop\car3\IMG\left_2019_12_28_15_17_26_888.jpg,C:\Users\Lenovo\Desktop\car3\IMG\right_2019_12_28_15_17_26_888.jpg,0,1,0,30.18586
C:\Users\Lenovo\Desktop\car3\IMG\center_2019_12_28_15_17_26_989.jpg,C:\Users\Lenovo\Desktop\car3\IMG\left_2019_12_28_15_17_26_989.jpg,C:\Users\Lenovo\Desktop\car3\IMG\right_2019_12_28_15_17_26_989.jpg,0.1,1,0,30.18528
C:\Users\Lenovo\Desktop\car3\IMG\center_2019_12_28_15_17_27_088.jpg,C:\Users\Lenovo\Desktop\car3\IMG\left_2019_12_28_15_17_27_088.jpg,C:\Users\Lenovo\Desktop\car3\IMG\right_2019_12_28_15_17_27_088.jpg,0.35,1,0,30.16788
C:\Users\Lenovo\Desktop\car3\IMG\center_2019_12_28_15_17_27_188.jpg,C:\Users\Lenovo\Desktop\car3\IMG\left_2019_12_28_15_17_27_188.jpg,C:\Users\Lenovo\Desktop\car3\IMG\right_2019_12_28_15_17_27_188.jpg,0.6000001,1,0,30.1354
C:\Users\Lenovo\Desktop\car3\IMG\center_2019_12_28_15_17_27_288.jpg,C:\Users\Lenovo\Desktop\car3\IMG\left_2019_12_28_15_17_27_288.jpg,C:\Users\Lenovo\Desktop\car3\IMG\right_2019_12_28_15_17_27_288.jpg,0.8500001,1,0,30.10733
C:\Users\Lenovo\Desktop\car3\IMG\center_2019_12_28_15_17_27_388.jpg,C:\Users\Lenovo\Desktop\car3\IMG\left_2019_12_28_15_17_27_388.jpg,C:\Users\Lenovo\Desktop\car3\IMG\right_2019_12_28_15_17_27_388.jpg,0,1,0,30.18511
C:\Users\Lenovo\Desktop\car3\IMG\center_2019_12_28_15_17_27_491.jpg,C:\Users\Lenovo\Desktop\car3\IMG\left_2019_12_28_15_17_27_491.jpg,C:\Users\Lenovo\Desktop\car3\IMG\right_2019_12_28_15_17_27_491.jpg,0,1,0,30.18927
C:\Users\Lenovo\Desktop\car3\IMG\center_2019_12_28_15_17_27_594.jpg,C:\Users\Lenovo\Desktop\car3\IMG\left_2019_12_28_15_17_27_594.jpg,C:\Users\Lenovo\Desktop\car3\IMG\right_2019_12_28_15_17_27_594.jpg,0,1,0,30.19066
C:\Users\Lenovo\Desktop\car3\IMG\center_2019_12_28_15_17_27_699.jpg,C:\Users\Lenovo\Desktop\car3\IMG\left_2019_12_28_15_17_27_699.jpg,C:\Users\Lenovo\Desktop\car3\IMG\right_2019_12_28_15_17_27_699.jpg,0,1,0,30.18922
C:\Users\Lenovo\Desktop\car3\IMG\center_2019_12_28_15_17_27_804.jpg,C:\Users\Lenovo\Desktop\car3\IMG\left_2019_12_28_15_17_27_804.jpg,C:\Users\Lenovo\Desktop\car3\IMG\right_2019_12_28_15_17_27_804.jpg,-0.1,1,0,30.18773
C:\Users\Lenovo\Desktop\car3\IMG\center_2019_12_28_15_17_27_906.jpg,C:\Users\Lenovo\Desktop\car3\IMG\left_2019_12_28_15_17_27_906.jpg,C:\Users\Lenovo\Desktop\car3\IMG\right_2019_12_28_15_17_27_906.jpg,-0.35,1,0,30.1634
C:\Users\Lenovo\Desktop\car3\IMG\center_2019_12_28_15_17_28_014.jpg,C:\Users\Lenovo\Desktop\car3\IMG\left_2019_12_28_15_17_28_014.jpg,C:\Users\Lenovo\Desktop\car3\IMG\right_2019_12_28_15_17_28_014.jpg,-0.6500001,1,0,30.12821
C:\Users\Lenovo\Desktop\car3\IMG\center_2019_12_28_15_17_28_120.jpg,C:\Users\Lenovo\Desktop\car3\IMG\left_2019_12_28_15_17_28_120.jpg,C:\Users\Lenovo\Desktop\car3\IMG\right_2019_12_28_15_17_28_120.jpg,0,1,0,30.18653
C:\Users\Lenovo\Desktop\car3\IMG\center_2019_12_28_15_17_28_222.jpg,C:\Users\Lenovo\Desktop\car3\IMG\left_2019_12_28_15_17_28_222.jpg,C:\Users\Lenovo\Desktop\car3\IMG\right_2019_12_28_15_17_28_222.jpg,0,1,0,30.18912
C:\Users\Lenovo\Desktop\car3\IMG\center_2019_12_28_15_17_28_325.jpg,C:\Users\Lenovo\Desktop\car3\IMG\left_2019_12_28_15_17_28_325.jpg,C:\Users\Lenovo\Desktop\car3\IMG\right_2019_12_28_15_17_28_325.jpg,0,1,0,30.19116
C:\Users\Lenovo\Desktop\car3\IMG\center_2019_12_28_15_17_28_425.jpg,C:\Users\Lenovo\Desktop\car3\IMG\left_2019_12_28_15_17_28_425.jpg,C:\Users\Lenovo\Desktop\car3\IMG\right_2019_12_28_15_17_28_425.jpg,-0.25,1,0,30.17624
C:\Users\Lenovo\Desktop\car3\IMG\center_2019_12_28_15_17_28_524.jpg,C:\Users\Lenovo\Desktop\car3\IMG\left_2019_12_28_15_17_28_524.jpg,C:\Users\Lenovo\Desktop\car3\IMG\right_2019_12_28_15_17_28_524.jpg,0,1,0,30.18885
C:\Users\Lenovo\Desktop\car3\IMG\center_2019_12_28_15_17_28_622.jpg,C:\Users\Lenovo\Desktop\car3\IMG\left_2019_12_28_15_17_28_622.jpg,C:\Users\Lenovo\Desktop\car3\IMG\right_2019_12_28_15_17_28_622.jpg,0,1,0,30.18978
C:\Users\Lenovo\Desktop\car3\IMG\center_2019_12_28_15_17_28_720.jpg,C:\Users\Lenovo\Desktop\car3\IMG\left_2019_12_28_15_17_28_720.jpg,C:\Users\Lenovo\Desktop\car3\IMG\right_2019_12_28_15_17_28_720.jpg,0,1,0,30.19029
C:\Users\Lenovo\Desktop\car3\IMG\center_2019_12_28_15_17_28_818.jpg,C:\Users\Lenovo\Desktop\car3\IMG\left_2019_12_28_15_17_28_818.jpg,C:\Users\Lenovo\Desktop\car3\IMG\right_2019_12_28_15_17_28_818.jpg,0,1,0,30.19036
C:\Users\Lenovo\Desktop\car3\IMG\center_2019_12_28_15_17_28_913.jpg,C:\Users\Lenovo\Desktop\car3\IMG\left_2019_12_28_15_17_28_913.jpg,C:\Users\Lenovo\Desktop\car3\IMG\right_2019_12_28_15_17_28_913.jpg,0,1,0,30.1903
C:\Users\Lenovo\Desktop\car3\IMG\center_2019_12_28_15_17_29_011.jpg,C:\Users\Lenovo\Desktop\car3\IMG\left_2019_12_28_15_17_29_011.jpg,C:\Users\Lenovo\Desktop\car3\IMG\right_2019_12_28_15_17_29_011.jpg,0,1,0,30.19027
C:\Users\Lenovo\Desktop\car3\IMG\center_2019_12_28_15_17_29_106.jpg,C:\Users\Lenovo\Desktop\car3\IMG\left_2019_12_28_15_17_29_106.jpg,C:\Users\Lenovo\Desktop\car3\IMG\right_2019_12_28_15_17_29_106.jpg,0,1,0,30.19085
C:\Users\Lenovo\Desktop\car3\IMG\center_2019_12_28_15_17_29_201.jpg,C:\Users\Lenovo\Desktop\car3\IMG\left_2019_12_28_15_17_29_201.jpg,C:\Users\Lenovo\Desktop\car3\IMG\right_2019_12_28_15_17_29_201.jpg,0,1,0,30.19025
C:\Users\Lenovo\Desktop\car3\IMG\center_2019_12_28_15_17_29_298.jpg,C:\Users\Lenovo\Desktop\car3\IMG\left_2019_12_28_15_17_29_298.jpg,C:\Users\Lenovo\Desktop\car3\IMG\right_2019_12_28_15_17_29_298.jpg,0,1,0,30.19027
C:\Users\Lenovo\Desktop\car3\IMG\center_2019_12_28_15_17_29_394.jpg,C:\Users\Lenovo\Desktop\car3\IMG\left_2019_12_28_15_17_29_394.jpg,C:\Users\Lenovo\Desktop\car3\IMG\right_2019_12_28_15_17_29_394.jpg,-0.25,1,0,30.17475
C:\Users\Lenovo\Desktop\car3\IMG\center_2019_12_28_15_17_29_491.jpg,C:\Users\Lenovo\Desktop\car3\IMG\left_2019_12_28_15_17_29_491.jpg,C:\Users\Lenovo\Desktop\car3\IMG\right_2019_12_28_15_17_29_491.jpg,-0.5000001,1,0,30.14526
C:\Users\Lenovo\Desktop\car3\IMG\center_2019_12_28_15_17_29_588.jpg,C:\Users\Lenovo\Desktop\car3\IMG\left_2019_12_28_15_17_29_588.jpg,C:\Users\Lenovo\Desktop\car3\IMG\right_2019_12_28_15_17_29_588.jpg,0,1,0,30.18715
C:\Users\Lenovo\Desktop\car3\IMG\center_2019_12_28_15_17_29_686.jpg,C:\Users\Lenovo\Desktop\car3\IMG\left_2019_12_28_15_17_29_686.jpg,C:\Users\Lenovo\Desktop\car3\IMG\right_2019_12_28_15_17_29_686.jpg,-0.1,1,0,30.1898
C:\Users\Lenovo\Desktop\car3\IMG\center_2019_12_28_15_17_29_782.jpg,C:\Users\Lenovo\Desktop\car3\IMG\left_2019_12_28_15_17_29_782.jpg,C:\Users\Lenovo\Desktop\car3\IMG\right_2019_12_28_15_17_29_782.jpg,-0.35,1,0,30.16731
C:\Users\Lenovo\Desktop\car3\IMG\center_2019_12_28_15_17_29_878.jpg,C:\Users\Lenovo\Desktop\car3\IMG\left_2019_12_28_15_17_29_878.jpg,C:\Users\Lenovo\Desktop\car3\IMG\right_2019_12_28_15_17_29_878.jpg,-0.6000001,1,0,30.13648
C:\Users\Lenovo\Desktop\car3\IMG\center_2019_12_28_15_17_29_973.jpg,C:\Users\Lenovo\Desktop\car3\IMG\left_2019_12_28_15_17_29_973.jpg,C:\Users\Lenovo\Desktop\car3\IMG\right_2019_12_28_15_17_29_973.jpg,0,1,0,30.17797
C:\Users\Lenovo\Desktop\car3\IMG\center_2019_12_28_15_17_30_067.jpg,C:\Users\Lenovo\Desktop\car3\IMG\left_2019_12_28_15_17_30_067.jpg,C:\Users\Lenovo\Desktop\car3\IMG\right_2019_12_28_15_17_30_067.jpg,0,1,0,30.18803
C:\Users\Lenovo\Desktop\car3\IMG\center_2019_12_28_15_17_30_159.jpg,C:\Users\Lenovo\Desktop\car3\IMG\left_2019_12_28_15_17_30_159.jpg,C:\Users\Lenovo\Desktop\car3\IMG\right_2019_12_28_15_17_30_159.jpg,-0.25,1,0,30.18229
C:\Users\Lenovo\Desktop\car3\IMG\center_2019_12_28_15_17_30_256.jpg,C:\Users\Lenovo\Desktop\car3\IMG\left_2019_12_28_15_17_30_256.jpg,C:\Users\Lenovo\Desktop\car3\IMG\right_2019_12_28_15_17_30_256.jpg,-0.5000001,1,0,30.15128
C:\Users\Lenovo\Desktop\car3\IMG\center_2019_12_28_15_17_30_344.jpg,C:\Users\Lenovo\Desktop\car3\IMG\left_2019_12_28_15_17_30_344.jpg,C:\Users\Lenovo\Desktop\car3\IMG\right_2019_12_28_15_17_30_344.jpg,0,1,0,30.18028
C:\Users\Lenovo\Desktop\car3\IMG\center_2019_12_28_15_17_30_436.jpg,C:\Users\Lenovo\Desktop\car3\IMG\left_2019_12_28_15_17_30_436.jpg,C:\Users\Lenovo\Desktop\car3\IMG\right_2019_12_28_15_17_30_436.jpg,0,1,0,30.18884
C:\Users\Lenovo\Desktop\car3\IMG\center_2019_12_28_15_17_30_522.jpg,C:\Users\Lenovo\Desktop\car3\IMG\left_2019_12_28_15_17_30_522.jpg,C:\Users\Lenovo\Desktop\car3\IMG\right_2019_12_28_15_17_30_522.jpg,0,1,0,30.18963
C:\Users\Lenovo\Desktop\car3\IMG\center_2019_12_28_15_17_30_611.jpg,C:\Users\Lenovo\Desktop\car3\IMG\left_2019_12_28_15_17_30_611.jpg,C:\Users\Lenovo\Desktop\car3\IMG\right_2019_12_28_15_17_30_611.jpg,0,1,0,30.19013
C:\Users\Lenovo\Desktop\car3\IMG\center_2019_12_28_15_17_30_699.jpg,C:\Users\Lenovo\Desktop\car3\IMG\left_2019_12_28_15_17_30_699.jpg,C:\Users\Lenovo\Desktop\car3\IMG\right_2019_12_28_15_17_30_699.jpg,0,1,0,30.19033
C:\Users\Lenovo\Desktop\car3\IMG\center_2019_12_28_15_17_30_788.jpg,C:\Users\Lenovo\Desktop\car3\IMG\left_2019_12_28_15_17_30_788.jpg,C:\Users\Lenovo\Desktop\car3\IMG\right_2019_12_28_15_17_30_788.jpg,0,1,0,30.19033
C:\Users\Lenovo\Desktop\car3\IMG\center_2019_12_28_15_17_30_873.jpg,C:\Users\Lenovo\Desktop\car3\IMG\left_2019_12_28_15_17_30_873.jpg,C:\Users\Lenovo\Desktop\car3\IMG\right_2019_12_28_15_17_30_873.jpg,0,1,0,30.19031
C:\Users\Lenovo\Desktop\car3\IMG\center_2019_12_28_15_17_30_961.jpg,C:\Users\Lenovo\Desktop\car3\IMG\left_2019_12_28_15_17_30_961.jpg,C:\Users\Lenovo\Desktop\car3\IMG\right_2019_12_28_15_17_30_961.jpg,0,1,0,30.19028
C:\Users\Lenovo\Desktop\car3\IMG\center_2019_12_28_15_17_31_049.jpg,C:\Users\Lenovo\Desktop\car3\IMG\left_2019_12_28_15_17_31_049.jpg,C:\Users\Lenovo\Desktop\car3\IMG\right_2019_12_28_15_17_31_049.jpg,0,1,0,30.19034
C:\Users\Lenovo\Desktop\car3\IMG\center_2019_12_28_15_17_31_139.jpg,C:\Users\Lenovo\Desktop\car3\IMG\left_2019_12_28_15_17_31_139.jpg,C:\Users\Lenovo\Desktop\car3\IMG\right_2019_12_28_15_17_31_139.jpg,-0.2,1,0,30.17975
C:\Users\Lenovo\Desktop\car3\IMG\center_2019_12_28_15_17_31_225.jpg,C:\Users\Lenovo\Desktop\car3\IMG\left_2019_12_28_15_17_31_225.jpg,C:\Users\Lenovo\Desktop\car3\IMG\right_2019_12_28_15_17_31_225.jpg,-0.4,1,0,30.15741
C:\Users\Lenovo\Desktop\car3\IMG\center_2019_12_28_15_17_31_317.jpg,C:\Users\Lenovo\Desktop\car3\IMG\left_2019_12_28_15_17_31_317.jpg,C:\Users\Lenovo\Desktop\car3\IMG\right_2019_12_28_15_17_31_317.jpg,0,1,0,30.18356
C:\Users\Lenovo\Desktop\car3\IMG\center_2019_12_28_15_17_31_404.jpg,C:\Users\Lenovo\Desktop\car3\IMG\left_2019_12_28_15_17_31_404.jpg,C:\Users\Lenovo\Desktop\car3\IMG\right_2019_12_28_15_17_31_404.jpg,0,1,0,30.18858
C:\Users\Lenovo\Desktop\car3\IMG\center_2019_12_28_15_17_31_492.jpg,C:\Users\Lenovo\Desktop\car3\IMG\left_2019_12_28_15_17_31_492.jpg,C:\Users\Lenovo\Desktop\car3\IMG\right_2019_12_28_15_17_31_492.jpg,0,1,0,30.19012
C:\Users\Lenovo\Desktop\car3\IMG\center_2019_12_28_15_17_31_579.jpg,C:\Users\Lenovo\Desktop\car3\IMG\left_2019_12_28_15_17_31_579.jpg,C:\Users\Lenovo\Desktop\car3\IMG\right_2019_12_28_15_17_31_579.jpg,0,1,0,30.1903
C:\Users\Lenovo\Desktop\car3\IMG\center_2019_12_28_15_17_31_668.jpg,C:\Users\Lenovo\Desktop\car3\IMG\left_2019_12_28_15_17_31_668.jpg,C:\Users\Lenovo\Desktop\car3\IMG\right_2019_12_28_15_17_31_668.jpg,0,1,0,30.1903
C:\Users\Lenovo\Desktop\car3\IMG\center_2019_12_28_15_17_31_758.jpg,C:\Users\Lenovo\Desktop\car3\IMG\left_2019_12_28_15_17_31_758.jpg,C:\Users\Lenovo\Desktop\car3\IMG\right_2019_12_28_15_17_31_758.jpg,0,1,0,30.19031
C:\Users\Lenovo\Desktop\car3\IMG\center_2019_12_28_15_17_31_845.jpg,C:\Users\Lenovo\Desktop\car3\IMG\left_2019_12_28_15_17_31_845.jpg,C:\Users\Lenovo\Desktop\car3\IMG\right_2019_12_28_15_17_31_845.jpg,0,1,0,30.19024
C:\Users\Lenovo\Desktop\car3\IMG\center_2019_12_28_15_17_31_934.jpg,C:\Users\Lenovo\Desktop\car3\IMG\left_2019_12_28_15_17_31_934.jpg,C:\Users\Lenovo\Desktop\car3\IMG\right_2019_12_28_15_17_31_934.jpg,0,1,0,30.19031
C:\Users\Lenovo\Desktop\car3\IMG\center_2019_12_28_15_17_32_021.jpg,C:\Users\Lenovo\Desktop\car3\IMG\left_2019_12_28_15_17_32_021.jpg,C:\Users\Lenovo\Desktop\car3\IMG\right_2019_12_28_15_17_32_021.jpg,0,1,0,30.19039
C:\Users\Lenovo\Desktop\car3\IMG\center_2019_12_28_15_17_32_109.jpg,C:\Users\Lenovo\Desktop\car3\IMG\left_2019_12_28_15_17_32_109.jpg,C:\Users\Lenovo\Desktop\car3\IMG\right_2019_12_28_15_17_32_109.jpg,0,1,0,30.19026
C:\Users\Lenovo\Desktop\car3\IMG\center_2019_12_28_15_17_32_197.jpg,C:\Users\Lenovo\Desktop\car3\IMG\left_2019_12_28_15_17_32_197.jpg,C:\Users\Lenovo\Desktop\car3\IMG\right_2019_12_28_15_17_32_197.jpg,0,1,0,30.19028
C:\Users\Lenovo\Desktop\car3\IMG\center_2019_12_28_15_17_32_282.jpg,C:\Users\Lenovo\Desktop\car3\IMG\left_2019_12_28_15_17_32_282.jpg,C:\Users\Lenovo\Desktop\car3\IMG\right_2019_12_28_15_17_32_282.jpg,0,1,0,30.19024
C:\Users\Lenovo\Desktop\car3\IMG\center_2019_12_28_15_17_32_370.jpg,C:\Users\Lenovo\Desktop\car3\IMG\left_2019_12_28_15_17_32_370.jpg,C:\Users\Lenovo\Desktop\car3\IMG\right_2019_12_28_15_17_32_370.jpg,0,1,0,30.19029
C:\Users\Lenovo\Desktop\car3\IMG\center_2019_12_28_15_17_32_456.jpg,C:\Users\Lenovo\Desktop\car3\IMG\left_2019_12_28_15_17_32_456.jpg,C:\Users\Lenovo\Desktop\car3\IMG\right_2019_12_28_15_17_32_456.jpg,0.1,1,0,30.18762
C:\Users\Lenovo\Desktop\car3\IMG\center_2019_12_28_15_17_32_550.jpg,C:\Users\Lenovo\Desktop\car3\IMG\left_2019_12_28_15_17_32_550.jpg,C:\Users\Lenovo\Desktop\car3\IMG\right_2019_12_28_15_17_32_550.jpg,0.3,1,0,30.16928
C:\Users\Lenovo\Desktop\car3\IMG\center_2019_12_28_15_17_32_627.jpg,C:\Users\Lenovo\Desktop\car3\IMG\left_2019_12_28_15_17_32_627.jpg,C:\Users\Lenovo\Desktop\car3\IMG\right_2019_12_28_15_17_32_627.jpg,0,1,0,30.1901
C:\Users\Lenovo\Desktop\car3\IMG\center_2019_12_28_15_17_32_713.jpg,C:\Users\Lenovo\Desktop\car3\IMG\left_2019_12_28_15_17_32_713.jpg,C:\Users\Lenovo\Desktop\car3\IMG\right_2019_12_28_15_17_32_713.jpg,0,1,0,30.1891
C:\Users\Lenovo\Desktop\car3\IMG\center_2019_12_28_15_17_32_799.jpg,C:\Users\Lenovo\Desktop\car3\IMG\left_2019_12_28_15_17_32_799.jpg,C:\Users\Lenovo\Desktop\car3\IMG\right_2019_12_28_15_17_32_799.jpg,0,1,0,30.19148
C:\Users\Lenovo\Desktop\car3\IMG\center_2019_12_28_15_17_32_883.jpg,C:\Users\Lenovo\Desktop\car3\IMG\left_2019_12_28_15_17_32_883.jpg,C:\Users\Lenovo\Desktop\car3\IMG\right_2019_12_28_15_17_32_883.jpg,0,1,0,30.1885
C:\Users\Lenovo\Desktop\car3\IMG\center_2019_12_28_15_17_32_967.jpg,C:\Users\Lenovo\Desktop\car3\IMG\left_2019_12_28_15_17_32_967.jpg,C:\Users\Lenovo\Desktop\car3\IMG\right_2019_12_28_15_17_32_967.jpg,0,1,0,30.18917
C:\Users\Lenovo\Desktop\car3\IMG\center_2019_12_28_15_17_33_053.jpg,C:\Users\Lenovo\Desktop\car3\IMG\left_2019_12_28_15_17_33_053.jpg,C:\Users\Lenovo\Desktop\car3\IMG\right_2019_12_28_15_17_33_053.jpg,0,1,0,30.18539
C:\Users\Lenovo\Desktop\car3\IMG\center_2019_12_28_15_17_33_137.jpg,C:\Users\Lenovo\Desktop\car3\IMG\left_2019_12_28_15_17_33_137.jpg,C:\Users\Lenovo\Desktop\car3\IMG\right_2019_12_28_15_17_33_137.jpg,0,1,0,30.1875
C:\Users\Lenovo\Desktop\car3\IMG\center_2019_12_28_15_17_33_222.jpg,C:\Users\Lenovo\Desktop\car3\IMG\left_2019_12_28_15_17_33_222.jpg,C:\Users\Lenovo\Desktop\car3\IMG\right_2019_12_28_15_17_33_222.jpg,0,1,0,30.18263
C:\Users\Lenovo\Desktop\car3\IMG\center_2019_12_28_15_17_33_306.jpg,C:\Users\Lenovo\Desktop\car3\IMG\left_2019_12_28_15_17_33_306.jpg,C:\Users\Lenovo\Desktop\car3\IMG\right_2019_12_28_15_17_33_306.jpg,0,1,0,30.35276
C:\Users\Lenovo\Desktop\car3\IMG\center_2019_12_28_15_17_33_394.jpg,C:\Users\Lenovo\Desktop\car3\IMG\left_2019_12_28_15_17_33_394.jpg,C:\Users\Lenovo\Desktop\car3\IMG\right_2019_12_28_15_17_33_394.jpg,0,1,0,29.80262
C:\Users\Lenovo\Desktop\car3\IMG\center_2019_12_28_15_17_33_481.jpg,C:\Users\Lenovo\Desktop\car3\IMG\left_2019_12_28_15_17_33_481.jpg,C:\Users\Lenovo\Desktop\car3\IMG\right_2019_12_28_15_17_33_481.jpg,0,1,0,29.76509
C:\Users\Lenovo\Desktop\car3\IMG\center_2019_12_28_15_17_33_566.jpg,C:\Users\Lenovo\Desktop\car3\IMG\left_2019_12_28_15_17_33_566.jpg,C:\Users\Lenovo\Desktop\car3\IMG\right_2019_12_28_15_17_33_566.jpg,0,1,0,30.33716
C:\Users\Lenovo\Desktop\car3\IMG\center_2019_12_28_15_17_33_649.jpg,C:\Users\Lenovo\Desktop\car3\IMG\left_2019_12_28_15_17_33_649.jpg,C:\Users\Lenovo\Desktop\car3\IMG\right_2019_12_28_15_17_33_649.jpg,0,1,0,29.50013
C:\Users\Lenovo\Desktop\car3\IMG\center_2019_12_28_15_17_33_730.jpg,C:\Users\Lenovo\Desktop\car3\IMG\left_2019_12_28_15_17_33_730.jpg,C:\Users\Lenovo\Desktop\car3\IMG\right_2019_12_28_15_17_33_730.jpg,0,1,0,29.5914
C:\Users\Lenovo\Desktop\car3\IMG\center_2019_12_28_15_17_33_812.jpg,C:\Users\Lenovo\Desktop\car3\IMG\left_2019_12_28_15_17_33_812.jpg,C:\Users\Lenovo\Desktop\car3\IMG\right_2019_12_28_15_17_33_812.jpg,0,1,0,28.8672
C:\Users\Lenovo\Desktop\car3\IMG\center_2019_12_28_15_17_33_893.jpg,C:\Users\Lenovo\Desktop\car3\IMG\left_2019_12_28_15_17_33_893.jpg,C:\Users\Lenovo\Desktop\car3\IMG\right_2019_12_28_15_17_33_893.jpg,0,1,0,28.79218
C:\Users\Lenovo\Desktop\car3\IMG\center_2019_12_28_15_17_33_983.jpg,C:\Users\Lenovo\Desktop\car3\IMG\left_2019_12_28_15_17_33_983.jpg,C:\Users\Lenovo\Desktop\car3\IMG\right_2019_12_28_15_17_33_983.jpg,0,1,0,28.94668
C:\Users\Lenovo\Desktop\car3\IMG\center_2019_12_28_15_17_34_067.jpg,C:\Users\Lenovo\Desktop\car3\IMG\left_2019_12_28_15_17_34_067.jpg,C:\Users\Lenovo\Desktop\car3\IMG\right_2019_12_28_15_17_34_067.jpg,0,1,0,29.11356
C:\Users\Lenovo\Desktop\car3\IMG\center_2019_12_28_15_17_34_144.jpg,C:\Users\Lenovo\Desktop\car3\IMG\left_2019_12_28_15_17_34_144.jpg,C:\Users\Lenovo\Desktop\car3\IMG\right_2019_12_28_15_17_34_144.jpg,0,1,0,29.37335
C:\Users\Lenovo\Desktop\car3\IMG\center_2019_12_28_15_17_34_230.jpg,C:\Users\Lenovo\Desktop\car3\IMG\left_2019_12_28_15_17_34_230.jpg,C:\Users\Lenovo\Desktop\car3\IMG\right_2019_12_28_15_17_34_230.jpg,0,1,0,29.85299
C:\Users\Lenovo\Desktop\car3\IMG\center_2019_12_28_15_17_34_315.jpg,C:\Users\Lenovo\Desktop\car3\IMG\left_2019_12_28_15_17_34_315.jpg,C:\Users\Lenovo\Desktop\car3\IMG\right_2019_12_28_15_17_34_315.jpg,0,1,0,30.1334
C:\Users\Lenovo\Desktop\car3\IMG\center_2019_12_28_15_17_34_401.jpg,C:\Users\Lenovo\Desktop\car3\IMG\left_2019_12_28_15_17_34_401.jpg,C:\Users\Lenovo\Desktop\car3\IMG\right_2019_12_28_15_17_34_401.jpg,0,1,0,30.26674
C:\Users\Lenovo\Desktop\car3\IMG\center_2019_12_28_15_17_34_491.jpg,C:\Users\Lenovo\Desktop\car3\IMG\left_2019_12_28_15_17_34_491.jpg,C:\Users\Lenovo\Desktop\car3\IMG\right_2019_12_28_15_17_34_491.jpg,0,0.8706157,0,26.43482
C:\Users\Lenovo\Desktop\car3\IMG\center_2019_12_28_15_17_34_574.jpg,C:\Users\Lenovo\Desktop\car3\IMG\left_2019_12_28_15_17_34_574.jpg,C:\Users\Lenovo\Desktop\car3\IMG\right_2019_12_28_15_17_34_574.jpg,0,0.6220951,0,27.49052
C:\Users\Lenovo\Desktop\car3\IMG\center_2019_12_28_15_17_34_659.jpg,C:\Users\Lenovo\Desktop\car3\IMG\left_2019_12_28_15_17_34_659.jpg,C:\Users\Lenovo\Desktop\car3\IMG\right_2019_12_28_15_17_34_659.jpg,0,0.3690403,0,28.24419
C:\Users\Lenovo\Desktop\car3\IMG\center_2019_12_28_15_17_34_742.jpg,C:\Users\Lenovo\Desktop\car3\IMG\left_2019_12_28_15_17_34_742.jpg,C:\Users\Lenovo\Desktop\car3\IMG\right_2019_12_28_15_17_34_742.jpg,0,0.1182547,0,29.85014
C:\Users\Lenovo\Desktop\car3\IMG\center_2019_12_28_15_17_34_826.jpg,C:\Users\Lenovo\Desktop\car3\IMG\left_2019_12_28_15_17_34_826.jpg,C:\Users\Lenovo\Desktop\car3\IMG\right_2019_12_28_15_17_34_826.jpg,0,0,0,30.34424
C:\Users\Lenovo\Desktop\car3\IMG\center_2019_12_28_15_17_34_909.jpg,C:\Users\Lenovo\Desktop\car3\IMG\left_2019_12_28_15_17_34_909.jpg,C:\Users\Lenovo\Desktop\car3\IMG\right_2019_12_28_15_17_34_909.jpg,0,0,0,30.25592
C:\Users\Lenovo\Desktop\car3\IMG\center_2019_12_28_15_17_34_993.jpg,C:\Users\Lenovo\Desktop\car3\IMG\left_2019_12_28_15_17_34_993.jpg,C:\Users\Lenovo\Desktop\car3\IMG\right_2019_12_28_15_17_34_993.jpg,0,0,0,30.36778
C:\Users\Lenovo\Desktop\car3\IMG\center_2019_12_28_15_17_35_075.jpg,C:\Users\Lenovo\Desktop\car3\IMG\left_2019_12_28_15_17_35_075.jpg,C:\Users\Lenovo\Desktop\car3\IMG\right_2019_12_28_15_17_35_075.jpg,0,0,0,30.11363
C:\Users\Lenovo\Desktop\car3\IMG\center_2019_12_28_15_17_35_153.jpg,C:\Users\Lenovo\Desktop\car3\IMG\left_2019_12_28_15_17_35_153.jpg,C:\Users\Lenovo\Desktop\car3\IMG\right_2019_12_28_15_17_35_153.jpg,0,0,0,29.75161
C:\Users\Lenovo\Desktop\car3\IMG\center_2019_12_28_15_17_35_237.jpg,C:\Users\Lenovo\Desktop\car3\IMG\left_2019_12_28_15_17_35_237.jpg,C:\Users\Lenovo\Desktop\car3\IMG\right_2019_12_28_15_17_35_237.jpg,0,0,0,29.70378
C:\Users\Lenovo\Desktop\car3\IMG\center_2019_12_28_15_17_35_317.jpg,C:\Users\Lenovo\Desktop\car3\IMG\left_2019_12_28_15_17_35_317.jpg,C:\Users\Lenovo\Desktop\car3\IMG\right_2019_12_28_15_17_35_317.jpg,0,0,0,29.57211
C:\Users\Lenovo\Desktop\car3\IMG\center_2019_12_28_15_17_35_400.jpg,C:\Users\Lenovo\Desktop\car3\IMG\left_2019_12_28_15_17_35_400.jpg,C:\Users\Lenovo\Desktop\car3\IMG\right_2019_12_28_15_17_35_400.jpg,0,0,0,29.39286
C:\Users\Lenovo\Desktop\car3\IMG\center_2019_12_28_15_17_35_479.jpg,C:\Users\Lenovo\Desktop\car3\IMG\left_2019_12_28_15_17_35_479.jpg,C:\Users\Lenovo\Desktop\car3\IMG\right_2019_12_28_15_17_35_479.jpg,0,0,0,29.22236
C:\Users\Lenovo\Desktop\car3\IMG\center_2019_12_28_15_17_35_562.jpg,C:\Users\Lenovo\Desktop\car3\IMG\left_2019_12_28_15_17_35_562.jpg,C:\Users\Lenovo\Desktop\car3\IMG\right_2019_12_28_15_17_35_562.jpg,0,0,0,29.00763
C:\Users\Lenovo\Desktop\car3\IMG\center_2019_12_28_15_17_35_642.jpg,C:\Users\Lenovo\Desktop\car3\IMG\left_2019_12_28_15_17_35_642.jpg,C:\Users\Lenovo\Desktop\car3\IMG\right_2019_12_28_15_17_35_642.jpg,0,0,0,28.79222
C:\Users\Lenovo\Desktop\car3\IMG\center_2019_12_28_15_17_35_723.jpg,C:\Users\Lenovo\Desktop\car3\IMG\left_2019_12_28_15_17_35_723.jpg,C:\Users\Lenovo\Desktop\car3\IMG\right_2019_12_28_15_17_35_723.jpg,0,0,0,28.61314
C:\Users\Lenovo\Desktop\car3\IMG\center_2019_12_28_15_17_35_803.jpg,C:\Users\Lenovo\Desktop\car3\IMG\left_2019_12_28_15_17_35_803.jpg,C:\Users\Lenovo\Desktop\car3\IMG\right_2019_12_28_15_17_35_803.jpg,0,0,0,28.35723
C:\Users\Lenovo\Desktop\car3\IMG\center_2019_12_28_15_17_35_881.jpg,C:\Users\Lenovo\Desktop\car3\IMG\left_2019_12_28_15_17_35_881.jpg,C:\Users\Lenovo\Desktop\car3\IMG\right_2019_12_28_15_17_35_881.jpg,0,0,0,28.14187
C:\Users\Lenovo\Desktop\car3\IMG\center_2019_12_28_15_17_35_963.jpg,C:\Users\Lenovo\Desktop\car3\IMG\left_2019_12_28_15_17_35_963.jpg,C:\Users\Lenovo\Desktop\car3\IMG\right_2019_12_28_15_17_35_963.jpg,0,0,0,27.89372
C:\Users\Lenovo\Desktop\car3\IMG\center_2019_12_28_15_17_36_044.jpg,C:\Users\Lenovo\Desktop\car3\IMG\left_2019_12_28_15_17_36_044.jpg,C:\Users\Lenovo\Desktop\car3\IMG\right_2019_12_28_15_17_36_044.jpg,0,0,0,27.56688
C:\Users\Lenovo\Desktop\car3\IMG\center_2019_12_28_15_17_36_122.jpg,C:\Users\Lenovo\Desktop\car3\IMG\left_2019_12_28_15_17_36_122.jpg,C:\Users\Lenovo\Desktop\car3\IMG\right_2019_12_28_15_17_36_122.jpg,0,0,0,27.27728
C:\Users\Lenovo\Desktop\car3\IMG\center_2019_12_28_15_17_36_203.jpg,C:\Users\Lenovo\Desktop\car3\IMG\left_2019_12_28_15_17_36_203.jpg,C:\Users\Lenovo\Desktop\car3\IMG\right_2019_12_28_15_17_36_203.jpg,0,0,0,26.86973
C:\Users\Lenovo\Desktop\car3\IMG\center_2019_12_28_15_17_36_286.jpg,C:\Users\Lenovo\Desktop\car3\IMG\left_2019_12_28_15_17_36_286.jpg,C:\Users\Lenovo\Desktop\car3\IMG\right_2019_12_28_15_17_36_286.jpg,0,0,0,26.44202
C:\Users\Lenovo\Desktop\car3\IMG\center_2019_12_28_15_17_36_373.jpg,C:\Users\Lenovo\Desktop\car3\IMG\left_2019_12_28_15_17_36_373.jpg,C:\Users\Lenovo\Desktop\car3\IMG\right_2019_12_28_15_17_36_373.jpg,0,0,0,23.82001
C:\Users\Lenovo\Desktop\car3\IMG\center_2019_12_28_15_17_36_455.jpg,C:\Users\Lenovo\Desktop\car3\IMG\left_2019_12_28_15_17_36_455.jpg,C:\Users\Lenovo\Desktop\car3\IMG\right_2019_12_28_15_17_36_455.jpg,0,0,0,23.54603
C:\Users\Lenovo\Desktop\car3\IMG\center_2019_12_28_15_17_36_535.jpg,C:\Users\Lenovo\Desktop\car3\IMG\left_2019_12_28_15_17_36_535.jpg,C:\Users\Lenovo\Desktop\car3\IMG\right_2019_12_28_15_17_36_535.jpg,0,0,0,22.31059
C:\Users\Lenovo\Desktop\car3\IMG\center_2019_12_28_15_17_36_621.jpg,C:\Users\Lenovo\Desktop\car3\IMG\left_2019_12_28_15_17_36_621.jpg,C:\Users\Lenovo\Desktop\car3\IMG\right_2019_12_28_15_17_36_621.jpg,0,0,0,21.62962
C:\Users\Lenovo\Desktop\car3\IMG\center_2019_12_28_15_17_36_703.jpg,C:\Users\Lenovo\Desktop\car3\IMG\left_2019_12_28_15_17_36_703.jpg,C:\Users\Lenovo\Desktop\car3\IMG\right_2019_12_28_15_17_36_703.jpg,0,0,0,20.64952
C:\Users\Lenovo\Desktop\car3\IMG\center_2019_12_28_15_17_36_788.jpg,C:\Users\Lenovo\Desktop\car3\IMG\left_2019_12_28_15_17_36_788.jpg,C:\Users\Lenovo\Desktop\car3\IMG\right_2019_12_28_15_17_36_788.jpg,0,0,0,19.74314
C:\Users\Lenovo\Desktop\car3\IMG\center_2019_12_28_15_17_36_874.jpg,C:\Users\Lenovo\Desktop\car3\IMG\left_2019_12_28_15_17_36_874.jpg,C:\Users\Lenovo\Desktop\car3\IMG\right_2019_12_28_15_17_36_874.jpg,0,0,0,19.39741
C:\Users\Lenovo\Desktop\car3\IMG\center_2019_12_28_15_17_36_958.jpg,C:\Users\Lenovo\Desktop\car3\IMG\left_2019_12_28_15_17_36_958.jpg,C:\Users\Lenovo\Desktop\car3\IMG\right_2019_12_28_15_17_36_958.jpg,0,0,0,18.48948
C:\Users\Lenovo\Desktop\car3\IMG\center_2019_12_28_15_17_37_039.jpg,C:\Users\Lenovo\Desktop\car3\IMG\left_2019_12_28_15_17_37_039.jpg,C:\Users\Lenovo\Desktop\car3\IMG\right_2019_12_28_15_17_37_039.jpg,0,0,0,17.80359
C:\Users\Lenovo\Desktop\car3\IMG\center_2019_12_28_15_17_37_131.jpg,C:\Users\Lenovo\Desktop\car3\IMG\left_2019_12_28_15_17_37_131.jpg,C:\Users\Lenovo\Desktop\car3\IMG\right_2019_12_28_15_17_37_131.jpg,0,0,0,17.19487
C:\Users\Lenovo\Desktop\car3\IMG\center_2019_12_28_15_17_37_222.jpg,C:\Users\Lenovo\Desktop\car3\IMG\left_2019_12_28_15_17_37_222.jpg,C:\Users\Lenovo\Desktop\car3\IMG\right_2019_12_28_15_17_37_222.jpg,0,0,0,16.96875
